Name;wtsupp;year;age;labforce;educ;marst;nchild;lfc;inlfc;wt;ac;pc;cohort;cc;acc;pcc;ccc;marstr;marstc;educr;educc;nc;ncc
61413;1375.3;2002;33;2;123;1;2;2;1;0.13753;3;3;1969;9;3;3;9;1;1;3;3;2;2
54425;3350.39;2001;20;2;73;6;0;2;1;0.335039;1;3;1981;11;1;3;11;3;3;3;3;0;0
99556;1098.61;2007;42;2;73;6;0;2;1;0.109861;5;4;1965;8;5;4;8;3;3;3;3;0;0
74362;2403.21;2004;36;2;73;6;2;2;1;0.240321;4;3;1968;8;4;3;8;3;3;3;3;2;2
46208;2797.57;2000;48;2;50;3;0;2;1;0.279757;6;3;1952;6;6;3;6;2;2;3;3;0;0
178200;2872.97;2017;22;2;73;6;0;2;1;0.287297;1;6;1995;14;1;6;14;3;3;3;3;0;0
147812;1306.11;2013;37;2;123;3;2;2;1;0.130611;4;5;1976;10;4;5;10;2;2;3;3;2;2
61605;143.61;2002;57;1;123;2;1;1;0;0.014361;8;3;1945;4;8;3;4;1;1;3;3;1;1
73236;1659.22;2003;38;2;73;4;0;2;1;0.165922;4;3;1965;8;4;3;8;2;2;3;3;0;0
102258;2487.61;2007;42;2;111;1;2;2;1;0.248761;5;4;1965;8;5;4;8;1;1;3;3;2;2
140163;1090.18;2012;48;1;73;5;3;1;0;0.109018;6;5;1964;8;6;5;8;2;2;3;3;3;3
62041;1431.69;2002;38;2;73;2;2;2;1;0.143169;4;3;1964;8;4;3;8;1;1;3;3;2;2
164772;628.69;2015;34;2;60;6;0;2;1;0.062869;3;6;1981;12;3;6;12;3;3;3;3;0;0
59359;1236.56;2002;54;2;123;4;1;2;1;0.123656;7;3;1948;5;7;3;5;2;2;3;3;1;1
54789;1728.01;2001;43;2;111;1;2;2;1;0.172801;5;3;1958;7;5;3;7;1;1;3;3;2;2
13610;1045.77;1992;35;2;50;6;4;2;1;0.104577;4;1;1957;6;4;1;6;3;3;3;3;3;3
159631;2123.79;2015;61;1;81;4;0;1;0;0.212379;9;6;1954;6;9;6;6;2;2;3;3;0;0
129338;1673.09;2011;29;1;81;6;3;1;0;0.167309;2;5;1982;12;2;5;12;3;3;3;3;3;3
106093;1774.87;2008;37;2;73;6;3;2;1;0.177487;4;4;1971;9;4;4;9;3;3;3;3;3;3
142296;1428.09;2012;32;2;81;6;3;2;1;0.142809;3;5;1980;11;3;5;11;3;3;3;3;3;3
164785;637.82;2015;47;1;111;4;1;1;0;0.063782;6;6;1968;9;6;6;9;2;2;3;3;1;1
64410;1062.33;2002;52;1;73;6;0;1;0;0.106233;7;3;1950;5;7;3;5;3;3;3;3;0;0
102662;1090.18;2007;46;2;73;3;2;2;1;0.109018;6;4;1961;7;6;4;7;2;2;3;3;2;2
77954;1635.58;2004;46;2;81;6;0;2;1;0.163558;6;3;1958;6;6;3;6;3;3;3;3;0;0
81301;2531.37;2004;50;2;81;6;0;2;1;0.253137;7;3;1954;5;7;3;5;3;3;3;3;0;0
74743;1930.96;2004;45;2;81;6;0;2;1;0.193096;6;3;1959;6;6;3;6;3;3;3;3;0;0
96954;1712.98;2007;36;2;73;4;0;2;1;0.171298;4;4;1971;9;4;4;9;2;2;3;3;0;0
112680;2487.07;2009;20;1;73;6;0;1;0;0.248707;1;4;1989;12;1;4;12;3;3;3;3;0;0
24609;1725.43;1995;54;2;123;5;1;2;1;0.172543;7;2;1941;4;7;2;4;2;2;3;3;1;1
103;1639.22;1990;51;1;32;3;0;1;0;0.163922;7;1;1939;3;7;1;3;2;2;3;3;0;0
107849;177.54;2008;20;2;73;6;0;2;1;0.017754;1;4;1988;12;1;4;12;3;3;3;3;0;0
36940;3650.45;1997;39;1;81;5;0;1;0;0.365045;4;2;1958;7;4;2;7;2;2;3;3;0;0
151075;1643.04;2013;46;2;60;4;2;2;1;0.164304;6;5;1967;8;6;5;8;2;2;3;3;2;2
16;1045.14;1990;42;2;90;4;0;2;1;0.104514;5;1;1948;5;5;1;5;2;2;3;3;0;0
61148;231.57;2002;34;2;73;1;5;2;1;0.023157;3;3;1968;9;3;3;9;1;1;3;3;3;3
33756;2464.34;1997;42;2;73;3;2;2;1;0.246434;5;2;1955;6;5;2;6;2;2;3;3;2;2
106114;1841.99;2008;47;2;111;1;1;2;1;0.184199;6;4;1961;7;6;4;7;1;1;3;3;1;1
79768;1453.08;2004;63;1;30;5;1;1;0;0.145308;9;3;1941;3;9;3;3;2;2;3;3;1;1
25490;1952.37;1995;29;2;81;3;1;2;1;0.195237;2;2;1966;9;2;2;9;2;2;3;3;1;1
63086;2357.26;2002;54;2;111;4;0;2;1;0.235726;7;3;1948;5;7;3;5;2;2;3;3;0;0
100754;2020.98;2007;42;2;123;1;1;2;1;0.202098;5;4;1965;8;5;4;8;1;1;3;3;1;1
154381;7409.26;2014;47;2;111;6;0;2;1;0.740926;6;5;1967;8;6;5;8;3;3;3;3;0;0
54326;1530.08;2001;22;1;81;6;0;1;0;0.153008;1;3;1979;11;1;3;11;3;3;3;3;0;0
157984;8452.3;2014;53;2;73;6;3;2;1;0.84523;7;5;1961;7;7;5;7;3;3;3;3;3;3
63084;2356.79;2002;33;2;81;6;2;2;1;0.235679;3;3;1969;9;3;3;9;3;3;3;3;2;2
47481;866.14;2000;28;2;60;6;5;2;1;0.086614;2;3;1972;10;2;3;10;3;3;3;3;3;3
39550;2346.24;1998;41;2;73;6;0;2;1;0.234624;5;2;1957;6;5;2;6;3;3;3;3;0;0
103536;2256.81;2007;33;1;10;2;0;1;0;0.225681;3;4;1974;10;3;4;10;1;1;3;3;0;0
171942;955.81;2016;56;2;81;4;0;2;1;0.095581;8;6;1960;7;8;6;7;2;2;3;3;0;0
5261;1566.3;1991;43;2;73;1;3;2;1;0.15663;5;1;1948;5;5;1;5;1;1;3;3;3;3
116613;1238.44;2009;60;2;73;5;0;2;1;0.123844;9;4;1949;4;9;4;4;2;2;3;3;0;0
53559;182.17;2001;45;2;81;1;2;2;1;0.018217;6;3;1956;6;6;3;6;1;1;3;3;2;2
140842;1374.02;2012;38;1;73;1;1;1;0;0.137402;4;5;1974;10;4;5;10;1;1;3;3;1;1
86776;1735.88;2005;31;2;92;1;2;2;1;0.173588;3;4;1974;10;3;4;10;1;1;3;3;2;2
25851;3403.76;1995;64;2;60;4;0;2;1;0.340376;9;2;1931;2;9;2;2;2;2;3;3;0;0
50845;1486.99;2001;35;1;81;4;3;1;0;0.148699;4;3;1966;8;4;3;8;2;2;3;3;3;3
1907;590.01;1990;63;1;50;5;3;1;0;0.059001;9;1;1927;1;9;1;1;2;2;3;3;3;3
175648;2570.85;2017;29;2;73;6;1;2;1;0.257085;2;6;1988;13;2;6;13;3;3;3;3;1;1
36078;3155.25;1997;34;2;73;1;5;2;1;0.315525;3;2;1963;8;3;2;8;1;1;3;3;3;3
78447;1283.16;2004;25;2;92;6;1;2;1;0.128316;2;3;1979;10;2;3;10;3;3;3;3;1;1
77304;202.25;2004;56;1;73;4;0;1;0;0.020225;8;3;1948;4;8;3;4;2;2;3;3;0;0
151851;5115.55;2014;56;2;73;1;3;2;1;0.511555;8;5;1958;6;8;5;6;1;1;3;3;3;3
77733;189.54;2004;43;2;73;6;1;2;1;0.018954;5;3;1961;7;5;3;7;3;3;3;3;1;1
8946;2157.07;1991;49;1;72;5;2;1;0;0.215707;6;1;1942;4;6;1;4;2;2;3;3;2;2
169890;2078.03;2016;32;2;111;6;1;2;1;0.207803;3;6;1984;12;3;6;12;3;3;3;3;1;1
115936;2817.09;2009;59;1;111;1;1;1;0;0.281709;8;4;1950;5;8;4;5;1;1;3;3;1;1
122070;681.25;2010;46;1;30;2;1;1;0;0.068125;6;5;1964;8;6;5;8;1;1;3;3;1;1
82527;1618.35;2005;43;2;73;1;2;2;1;0.161835;5;4;1962;8;5;4;8;1;1;3;3;2;2
114516;301.83;2009;58;2;73;4;1;2;1;0.030183;8;4;1951;5;8;4;5;2;2;3;3;1;1
84394;509.44;2005;21;1;73;2;1;1;0;0.050944;1;4;1984;12;1;4;12;1;1;3;3;1;1
73996;1347.62;2004;30;2;111;1;1;2;1;0.134762;3;3;1974;9;3;3;9;1;1;3;3;1;1
7361;2004.79;1991;50;1;72;1;0;1;0;0.200479;7;1;1941;3;7;1;3;1;1;3;3;0;0
113464;2077.36;2009;42;1;73;6;1;1;0;0.207736;5;4;1967;8;5;4;8;3;3;3;3;1;1
29020;2774.16;1996;41;2;73;3;5;2;1;0.277416;5;2;1955;6;5;2;6;2;2;3;3;3;3
160061;2349.25;2015;24;2;73;6;3;2;1;0.234925;1;6;1991;14;1;6;14;3;3;3;3;3;3
97294;1637.86;2007;32;2;111;3;1;2;1;0.163786;3;4;1975;10;3;4;10;2;2;3;3;1;1
82556;2267.84;2005;43;1;111;1;1;1;0;0.226784;5;4;1962;8;5;4;8;1;1;3;3;1;1
108127;1338.3;2008;57;2;111;6;0;2;1;0.13383;8;4;1951;5;8;4;5;3;3;3;3;0;0
120505;1636.61;2010;26;2;123;6;0;2;1;0.163661;2;5;1984;12;2;5;12;3;3;3;3;0;0
58506;1251.72;2002;51;2;111;1;2;2;1;0.125172;7;3;1951;5;7;3;5;1;1;3;3;2;2
11249;2809.93;1992;37;2;73;6;1;2;1;0.280993;4;1;1955;6;4;1;6;3;3;3;3;1;1
63011;2948.28;2002;36;1;81;1;2;1;0;0.294828;4;3;1966;8;4;3;8;1;1;3;3;2;2
119310;2183.28;2009;48;2;73;1;2;2;1;0.218328;6;4;1961;7;6;4;7;1;1;3;3;2;2
16101;2461.95;1993;23;2;81;1;0;2;1;0.246195;1;1;1970;9;1;1;9;1;1;3;3;0;0
141494;3235.83;2012;46;2;92;1;3;2;1;0.323583;6;5;1966;8;6;5;8;1;1;3;3;3;3
66687;2159.23;2003;39;1;30;1;4;1;0;0.215923;4;3;1964;8;4;3;8;1;1;3;3;3;3
93152;3222.6;2006;43;2;73;6;1;2;1;0.32226;5;4;1963;8;5;4;8;3;3;3;3;1;1
36795;3667.46;1997;38;2;91;4;2;2;1;0.366746;4;2;1959;7;4;2;7;2;2;3;3;2;2
144926;2497.28;2013;21;2;81;6;0;2;1;0.249728;1;5;1992;13;1;5;13;3;3;3;3;0;0
61641;185.77;2002;33;2;73;1;2;2;1;0.018577;3;3;1969;9;3;3;9;1;1;3;3;2;2
12350;982.45;1992;35;2;81;1;2;2;1;0.098245;4;1;1957;6;4;1;6;1;1;3;3;2;2
34783;431.09;1997;62;1;73;4;0;1;0;0.043109;9;2;1935;2;9;2;2;2;2;3;3;0;0
117884;1705.8;2009;29;2;81;4;2;2;1;0.17058;2;4;1980;11;2;4;11;2;2;3;3;2;2
166449;2067.48;2015;31;2;111;1;0;2;1;0.206748;3;6;1984;12;3;6;12;1;1;3;3;0;0
40564;3721.76;1998;43;2;73;4;2;2;1;0.372176;5;2;1955;6;5;2;6;2;2;3;3;2;2
8081;4203.83;1991;52;2;31;5;0;2;1;0.420383;7;1;1939;3;7;1;3;2;2;3;3;0;0
61980;171.59;2002;38;1;81;1;0;1;0;0.017159;4;3;1964;8;4;3;8;1;1;3;3;0;0
74399;1836.87;2004;47;2;73;1;2;2;1;0.183687;6;3;1957;6;6;3;6;1;1;3;3;2;2
51469;1156.12;2001;25;1;30;2;4;1;0;0.115612;2;3;1976;10;2;3;10;1;1;3;3;3;3
87603;1155.85;2005;46;2;73;1;2;2;1;0.115585;6;4;1959;7;6;4;7;1;1;3;3;2;2
24111;1013.87;1995;49;2;73;4;0;2;1;0.101387;6;2;1946;5;6;2;5;2;2;3;3;0;0
76743;221.2;2004;32;2;111;1;1;2;1;0.02212;3;3;1972;9;3;3;9;1;1;3;3;1;1
132297;2093.71;2011;33;1;73;1;1;1;0;0.209371;3;5;1978;11;3;5;11;1;1;3;3;1;1
1945;501.34;1990;33;2;110;6;0;2;1;0.050134;3;1;1957;7;3;1;7;3;3;3;3;0;0
179026;929.13;2017;64;1;60;1;0;1;0;0.092913;9;6;1953;6;9;6;6;1;1;3;3;0;0
25327;9610.45;1995;34;2;73;4;2;2;1;0.961045;3;2;1961;8;3;2;8;2;2;3;3;2;2
170589;1834.17;2016;41;1;73;6;1;1;0;0.183417;5;6;1975;10;5;6;10;3;3;3;3;1;1
2132;365.31;1990;42;2;90;6;0;2;1;0.036531;5;1;1948;5;5;1;5;3;3;3;3;0;0
29136;1719.23;1996;26;1;10;6;2;1;0;0.171923;2;2;1970;9;2;2;9;3;3;3;3;2;2
87000;1989.26;2005;34;2;81;6;0;2;1;0.198926;3;4;1971;10;3;4;10;3;3;3;3;0;0
60989;553.21;2002;23;2;73;4;1;2;1;0.055321;1;3;1979;11;1;3;11;2;2;3;3;1;1
75947;1203.68;2004;48;2;111;1;0;2;1;0.120368;6;3;1956;6;6;3;6;1;1;3;3;0;0
20118;1243.37;1994;42;2;91;1;2;2;1;0.124337;5;1;1952;5;5;1;5;1;1;3;3;2;2
129718;1480.44;2011;57;2;91;6;2;2;1;0.148044;8;5;1954;6;8;5;6;3;3;3;3;2;2
71636;1445.05;2003;31;2;60;1;1;2;1;0.144505;3;3;1972;9;3;3;9;1;1;3;3;1;1
173882;1935.72;2016;63;1;60;4;0;1;0;0.193572;9;6;1953;6;9;6;6;2;2;3;3;0;0
64933;1222.69;2002;62;1;73;2;1;1;0;0.122269;9;3;1940;3;9;3;3;1;1;3;3;1;1
156879;6758.9;2014;27;2;50;6;4;2;1;0.67589;2;5;1987;12;2;5;12;3;3;3;3;3;3
18338;995.11;1993;45;2;91;3;2;2;1;0.099511;6;1;1948;4;6;1;4;2;2;3;3;2;2
61286;1211.3;2002;31;2;111;2;2;2;1;0.12113;3;3;1971;9;3;3;9;1;1;3;3;2;2
55182;1502.46;2001;28;2;73;6;4;2;1;0.150246;2;3;1973;10;2;3;10;3;3;3;3;3;3
131228;180.23;2011;35;2;123;6;1;2;1;0.018023;4;5;1976;10;4;5;10;3;3;3;3;1;1
91703;232.27;2006;43;2;81;4;0;2;1;0.023227;5;4;1963;8;5;4;8;2;2;3;3;0;0
97018;1568.14;2007;48;2;50;1;2;2;1;0.156814;6;4;1959;7;6;4;7;1;1;3;3;2;2
86308;1750.76;2005;32;2;73;1;2;2;1;0.175076;3;4;1973;10;3;4;10;1;1;3;3;2;2
5959;1588.8;1991;59;1;90;5;1;1;0;0.15888;8;1;1932;2;8;1;2;2;2;3;3;1;1
23579;4467.85;1994;64;2;123;1;0;2;1;0.446785;9;1;1930;1;9;1;1;1;1;3;3;0;0
68229;1436.01;2003;42;2;73;3;2;2;1;0.143601;5;3;1961;7;5;3;7;2;2;3;3;2;2
90004;1809.85;2006;61;2;123;6;0;2;1;0.180985;9;4;1945;4;9;4;4;3;3;3;3;0;0
125178;2070.09;2010;63;2;92;5;0;2;1;0.207009;9;5;1947;5;9;5;5;2;2;3;3;0;0
37771;2128.04;1998;47;2;73;1;1;2;1;0.212804;6;2;1951;5;6;2;5;1;1;3;3;1;1
96713;140.09;2006;48;2;111;4;1;2;1;0.014009;6;4;1958;7;6;4;7;2;2;3;3;1;1
96371;2328.26;2006;44;2;111;1;3;2;1;0.232826;5;4;1962;8;5;4;8;1;1;3;3;3;3
42763;1977.19;1999;35;2;81;6;1;2;1;0.197719;4;2;1964;7;4;2;7;3;3;3;3;1;1
38180;3277.58;1998;22;2;81;6;0;2;1;0.327758;1;2;1976;10;1;2;10;3;3;3;3;0;0
126166;1103.88;2010;49;2;81;6;1;2;1;0.110388;6;5;1961;8;6;5;8;3;3;3;3;1;1
18870;3090.03;1993;42;2;91;1;1;2;1;0.309003;5;1;1951;5;5;1;5;1;1;3;3;1;1
152177;1823.21;2014;52;2;111;1;0;2;1;0.182321;7;5;1962;7;7;5;7;1;1;3;3;0;0
72379;1171.57;2003;29;2;91;1;2;2;1;0.117157;2;3;1974;10;2;3;10;1;1;3;3;2;2
63340;1706.06;2002;24;2;73;6;2;2;1;0.170606;1;3;1978;11;1;3;11;3;3;3;3;2;2
7110;538.67;1991;54;2;50;1;1;2;1;0.053867;7;1;1937;3;7;1;3;1;1;3;3;1;1
96344;2280.06;2006;40;2;73;1;2;2;1;0.228006;5;4;1966;8;5;4;8;1;1;3;3;2;2
83895;1277.15;2005;28;2;81;1;2;2;1;0.127715;2;4;1977;11;2;4;11;1;1;3;3;2;2
136714;2246.04;2012;47;1;73;6;0;1;0;0.224604;6;5;1965;8;6;5;8;3;3;3;3;0;0
34393;2976.78;1997;48;2;92;5;1;2;1;0.297678;6;2;1949;5;6;2;5;2;2;3;3;1;1
15042;1249.32;1993;28;1;91;1;3;1;0;0.124932;2;1;1965;8;2;1;8;1;1;3;3;3;3
163234;3388.45;2015;61;1;111;1;0;1;0;0.338845;9;6;1954;6;9;6;6;1;1;3;3;0;0
136027;706.19;2012;39;2;111;4;1;2;1;0.070619;4;5;1973;10;4;5;10;2;2;3;3;1;1
103649;760.71;2007;42;2;81;1;1;2;1;0.076071;5;4;1965;8;5;4;8;1;1;3;3;1;1
178382;2127.87;2017;40;2;81;1;2;2;1;0.212787;5;6;1977;10;5;6;10;1;1;3;3;2;2
50980;972.06;2001;43;2;73;3;2;2;1;0.097206;5;3;1958;7;5;3;7;2;2;3;3;2;2
3936;1229.95;1990;32;1;22;3;2;1;0;0.122995;3;1;1958;7;3;1;7;2;2;3;3;2;2
97174;2017.62;2007;24;2;111;6;0;2;1;0.201762;1;4;1983;12;1;4;12;3;3;3;3;0;0
4743;2560.49;1990;39;2;72;1;1;2;1;0.256049;4;1;1951;6;4;1;6;1;1;3;3;1;1
164768;545.83;2015;51;1;60;6;2;1;0;0.054583;7;6;1964;8;7;6;8;3;3;3;3;2;2
101287;1798.19;2007;21;1;81;6;1;1;0;0.179819;1;4;1986;12;1;4;12;3;3;3;3;1;1
5498;2185.18;1991;33;2;72;6;1;2;1;0.218518;3;1;1958;7;3;1;7;3;3;3;3;1;1
66614;1868.38;2003;39;2;73;6;0;2;1;0.186838;4;3;1964;8;4;3;8;3;3;3;3;0;0
80412;2004.2;2004;21;2;81;6;1;2;1;0.20042;1;3;1983;11;1;3;11;3;3;3;3;1;1
162721;2697.64;2015;27;2;73;6;0;2;1;0.269764;2;6;1988;13;2;6;13;3;3;3;3;0;0
30518;1688.42;1996;48;2;60;2;1;2;1;0.168842;6;2;1948;5;6;2;5;1;1;3;3;1;1
118471;2368.28;2009;24;2;81;6;0;2;1;0.236828;1;4;1985;12;1;4;12;3;3;3;3;0;0
135132;810.89;2011;24;1;111;6;0;1;0;0.081089;1;5;1987;13;1;5;13;3;3;3;3;0;0
91545;914.65;2006;37;2;73;6;4;2;1;0.091465;4;4;1969;9;4;4;9;3;3;3;3;3;3
20115;1910.95;1994;32;2;60;6;3;2;1;0.191095;3;1;1962;7;3;1;7;3;3;3;3;3;3
175150;2128.49;2017;39;2;123;6;0;2;1;0.212849;4;6;1978;11;4;6;11;3;3;3;3;0;0
70717;1110.78;2003;43;2;81;1;3;2;1;0.111078;5;3;1960;7;5;3;7;1;1;3;3;3;3
107479;195.64;2008;58;1;73;6;1;1;0;0.019564;8;4;1950;5;8;4;5;3;3;3;3;1;1
12370;1100.96;1992;30;2;73;1;3;2;1;0.110096;3;1;1962;7;3;1;7;1;1;3;3;3;3
94;2501.45;1990;62;2;100;1;0;2;1;0.250145;9;1;1928;1;9;1;1;1;1;3;3;0;0
127909;1875.99;2011;53;2;73;4;0;2;1;0.187599;7;5;1958;7;7;5;7;2;2;3;3;0;0
30386;723.4;1996;33;2;73;6;2;2;1;0.07234;3;2;1963;8;3;2;8;3;3;3;3;2;2
117040;1740.7;2009;26;2;73;6;0;2;1;0.17407;2;4;1983;11;2;4;11;3;3;3;3;0;0
103354;2168.56;2007;40;2;73;3;1;2;1;0.216856;5;4;1967;8;5;4;8;2;2;3;3;1;1
95037;992.47;2006;56;1;81;1;0;1;0;0.099247;8;4;1950;5;8;4;5;1;1;3;3;0;0
147361;2075.86;2013;43;2;91;6;1;2;1;0.207586;5;5;1970;9;5;5;9;3;3;3;3;1;1
68724;1391.22;2003;63;1;73;1;0;1;0;0.139122;9;3;1940;3;9;3;3;1;1;3;3;0;0
97267;2207.88;2007;28;2;81;6;0;2;1;0.220788;2;4;1979;11;2;4;11;3;3;3;3;0;0
77548;199.04;2004;57;2;2;1;0;2;1;0.019904;8;3;1947;4;8;3;4;1;1;3;3;0;0
19998;1960.22;1994;32;2;81;6;2;2;1;0.196022;3;1;1962;7;3;1;7;3;3;3;3;2;2
67687;1212.01;2003;24;2;81;6;0;2;1;0.121201;1;3;1979;11;1;3;11;3;3;3;3;0;0
142681;2371.48;2012;35;2;81;1;0;2;1;0.237148;4;5;1977;10;4;5;10;1;1;3;3;0;0
118694;2161.86;2009;32;2;73;1;3;2;1;0.216186;3;4;1977;10;3;4;10;1;1;3;3;3;3
58552;1378.97;2002;33;1;73;2;0;1;0;0.137897;3;3;1969;9;3;3;9;1;1;3;3;0;0
140678;1990.13;2012;41;1;73;6;0;1;0;0.199013;5;5;1971;9;5;5;9;3;3;3;3;0;0
147653;1841.31;2013;47;2;73;3;1;2;1;0.184131;6;5;1966;8;6;5;8;2;2;3;3;1;1
115904;1682.55;2009;23;2;73;1;2;2;1;0.168255;1;4;1986;12;1;4;12;1;1;3;3;2;2
85551;1655.51;2005;44;2;73;1;2;2;1;0.165551;5;4;1961;8;5;4;8;1;1;3;3;2;2
21929;1419.85;1994;20;2;73;6;2;2;1;0.141985;1;1;1974;9;1;1;9;3;3;3;3;2;2
82993;1790.95;2005;33;2;71;4;1;2;1;0.179095;3;4;1972;10;3;4;10;2;2;3;3;1;1
61163;236.33;2002;63;1;40;1;0;1;0;0.023633;9;3;1939;3;9;3;3;1;1;3;3;0;0
8324;2025.58;1991;39;2;72;4;0;2;1;0.202558;4;1;1952;6;4;1;6;2;2;3;3;0;0
176315;2543.84;2017;55;2;73;5;2;2;1;0.254384;8;6;1962;7;8;6;7;2;2;3;3;2;2
60326;2626.41;2002;32;2;73;1;3;2;1;0.262641;3;3;1970;9;3;3;9;1;1;3;3;3;3
17467;2358.43;1993;23;2;50;6;2;2;1;0.235843;1;1;1970;9;1;1;9;3;3;3;3;2;2
15018;2734.74;1993;60;1;71;1;1;1;0;0.273474;9;1;1933;1;9;1;1;1;1;3;3;1;1
107924;250.45;2008;33;1;73;6;4;1;0;0.025045;3;4;1975;10;3;4;10;3;3;3;3;3;3
71767;1684.07;2003;34;2;73;4;0;2;1;0.168407;3;3;1969;9;3;3;9;2;2;3;3;0;0
13972;2149.66;1992;42;2;111;1;1;2;1;0.214966;5;1;1950;5;5;1;5;1;1;3;3;1;1
63003;4401.82;2002;42;2;50;1;3;2;1;0.440182;5;3;1960;7;5;3;7;1;1;3;3;3;3
76974;1397.31;2004;21;2;81;6;0;2;1;0.139731;1;3;1983;11;1;3;11;3;3;3;3;0;0
180831;2869.73;2017;32;2;111;6;0;2;1;0.286973;3;6;1985;12;3;6;12;3;3;3;3;0;0
145810;1719.99;2013;49;2;81;1;1;2;1;0.171999;6;5;1964;8;6;5;8;1;1;3;3;1;1
86497;2275.13;2005;48;2;111;4;0;2;1;0.227513;6;4;1957;7;6;4;7;2;2;3;3;0;0
6086;1549.65;1991;23;1;72;6;2;1;0;0.154965;1;1;1968;9;1;1;9;3;3;3;3;2;2
18158;3166.7;1993;21;1;81;6;0;1;0;0.31667;1;1;1972;9;1;1;9;3;3;3;3;0;0
13480;2300.48;1992;23;2;73;6;2;2;1;0.230048;1;1;1969;9;1;1;9;3;3;3;3;2;2
133616;2163.49;2011;20;1;81;6;0;1;0;0.216349;1;5;1991;13;1;5;13;3;3;3;3;0;0
88396;2936.74;2005;21;2;111;6;0;2;1;0.293674;1;4;1984;12;1;4;12;3;3;3;3;0;0
82030;2481.54;2005;41;2;123;6;0;2;1;0.248154;5;4;1964;8;5;4;8;3;3;3;3;0;0
180843;2779.39;2017;33;2;91;3;4;2;1;0.277939;3;6;1984;12;3;6;12;2;2;3;3;3;3
144438;2406;2013;45;2;123;1;4;2;1;0.2406;6;5;1968;8;6;5;8;1;1;3;3;3;3
27;913.79;1990;54;2;122;1;0;2;1;0.091379;7;1;1936;3;7;1;3;1;1;3;3;0;0
107088;886.73;2008;58;1;111;1;0;1;0;0.088673;8;4;1950;5;8;4;5;1;1;3;3;0;0
67289;1526.98;2003;37;2;73;1;1;2;1;0.152698;4;3;1966;8;4;3;8;1;1;3;3;1;1
60262;1371.03;2002;30;2;73;3;1;2;1;0.137103;3;3;1972;9;3;3;9;2;2;3;3;1;1
173373;2647.27;2016;59;2;73;4;1;2;1;0.264727;8;6;1957;7;8;6;7;2;2;3;3;1;1
162570;2035.58;2015;37;2;81;1;2;2;1;0.203558;4;6;1978;11;4;6;11;1;1;3;3;2;2
65086;3415.1;2002;35;2;73;6;0;2;1;0.34151;4;3;1967;8;4;3;8;3;3;3;3;0;0
112385;3419.47;2009;46;1;81;6;2;1;0;0.341947;6;4;1963;7;6;4;7;3;3;3;3;2;2
130810;1059.43;2011;60;2;92;4;1;2;1;0.105943;9;5;1951;5;9;5;5;2;2;3;3;1;1
97403;2056.73;2007;30;1;73;6;0;1;0;0.205673;3;4;1977;10;3;4;10;3;3;3;3;0;0
22351;5443.77;1994;32;2;50;1;1;2;1;0.544377;3;1;1962;7;3;1;7;1;1;3;3;1;1
30063;1400.92;1996;45;1;50;6;2;1;0;0.140092;6;2;1951;5;6;2;5;3;3;3;3;2;2
85450;1962.96;2005;20;2;81;6;0;2;1;0.196296;1;4;1985;12;1;4;12;3;3;3;3;0;0
34303;2431.84;1997;38;2;81;2;1;2;1;0.243184;4;2;1959;7;4;2;7;1;1;3;3;1;1
21223;5912.94;1994;43;2;111;1;1;2;1;0.591294;5;1;1951;5;5;1;5;1;1;3;3;1;1
169482;174.37;2016;64;2;81;1;0;2;1;0.017437;9;6;1952;6;9;6;6;1;1;3;3;0;0
48106;4696.77;2000;38;2;81;6;3;2;1;0.469677;4;3;1962;8;4;3;8;3;3;3;3;3;3
176787;216.55;2017;51;1;60;6;2;1;0;0.021655;7;6;1966;8;7;6;8;3;3;3;3;2;2
27949;1650.56;1995;24;1;60;6;2;1;0;0.165056;1;2;1971;10;1;2;10;3;3;3;3;2;2
96631;2210.35;2006;37;2;124;1;2;2;1;0.221035;4;4;1969;9;4;4;9;1;1;3;3;2;2
81304;2593.05;2004;35;1;92;6;4;1;0;0.259305;4;3;1969;8;4;3;8;3;3;3;3;3;3
15864;2181.7;1993;29;2;111;6;0;2;1;0.21817;2;1;1964;8;2;1;8;3;3;3;3;0;0
112235;754.31;2009;28;2;73;1;1;2;1;0.075431;2;4;1981;11;2;4;11;1;1;3;3;1;1
34019;2326.49;1997;28;2;73;1;2;2;1;0.232649;2;2;1969;9;2;2;9;1;1;3;3;2;2
112371;1713.69;2009;32;1;92;6;2;1;0;0.171369;3;4;1977;10;3;4;10;3;3;3;3;2;2
73127;3646.61;2003;25;2;73;1;3;2;1;0.364661;2;3;1978;10;2;3;10;1;1;3;3;3;3
45483;1015.23;2000;24;1;81;1;3;1;0;0.101523;1;3;1976;11;1;3;11;1;1;3;3;3;3
88747;1459.45;2005;35;2;73;3;3;2;1;0.145945;4;4;1970;9;4;4;9;2;2;3;3;3;3
125978;1329.35;2010;50;2;73;1;0;2;1;0.132935;7;5;1960;7;7;5;7;1;1;3;3;0;0
62581;1302.37;2002;35;2;81;3;1;2;1;0.130237;4;3;1967;8;4;3;8;2;2;3;3;1;1
111238;1906.92;2008;35;2;81;6;0;2;1;0.190692;4;4;1973;9;4;4;9;3;3;3;3;0;0
97047;1935.6;2007;50;2;73;1;2;2;1;0.19356;7;4;1957;6;7;4;6;1;1;3;3;2;2
72105;1282.05;2003;57;2;73;1;0;2;1;0.128205;8;3;1946;4;8;3;4;1;1;3;3;0;0
119535;1349.06;2009;58;1;73;4;0;1;0;0.134906;8;4;1951;5;8;4;5;2;2;3;3;0;0
50209;1280.2;2001;39;2;50;3;4;2;1;0.12802;4;3;1962;8;4;3;8;2;2;3;3;3;3
158824;3555.24;2014;37;2;73;6;2;2;1;0.355524;4;5;1977;10;4;5;10;3;3;3;3;2;2
18830;2197.49;1993;20;2;81;6;0;2;1;0.219749;1;1;1973;9;1;1;9;3;3;3;3;0;0
116710;1741.01;2009;23;1;81;6;0;1;0;0.174101;1;4;1986;12;1;4;12;3;3;3;3;0;0
25856;2253.33;1995;62;1;123;1;1;1;0;0.225333;9;2;1933;2;9;2;2;1;1;3;3;1;1
74275;2127.57;2004;30;1;73;6;2;1;0;0.212757;3;3;1974;9;3;3;9;3;3;3;3;2;2
62600;1364.74;2002;35;1;92;6;2;1;0;0.136474;4;3;1967;8;4;3;8;3;3;3;3;2;2
54013;1468.06;2001;36;2;40;3;3;2;1;0.146806;4;3;1965;8;4;3;8;2;2;3;3;3;3
139245;215.09;2012;47;1;60;6;0;1;0;0.021509;6;5;1965;8;6;5;8;3;3;3;3;0;0
101478;1804.07;2007;55;2;91;1;0;2;1;0.180407;8;4;1952;5;8;4;5;1;1;3;3;0;0
177408;2442.6;2017;46;2;92;4;1;2;1;0.24426;6;6;1971;9;6;6;9;2;2;3;3;1;1
61962;135.49;2002;56;2;73;1;0;2;1;0.013549;8;3;1946;4;8;3;4;1;1;3;3;0;0
160956;3506.53;2015;35;2;81;4;2;2;1;0.350653;4;6;1980;11;4;6;11;2;2;3;3;2;2
98635;1541.04;2007;30;1;73;6;0;1;0;0.154104;3;4;1977;10;3;4;10;3;3;3;3;0;0
178071;2050.61;2017;64;1;30;2;2;1;0;0.205061;9;6;1953;6;9;6;6;1;1;3;3;2;2
46294;2049.31;2000;52;2;73;3;0;2;1;0.204931;7;3;1948;5;7;3;5;2;2;3;3;0;0
150596;1774.88;2013;60;1;71;1;0;1;0;0.177488;9;5;1953;5;9;5;5;1;1;3;3;0;0
19540;1511.19;1994;41;2;30;6;1;2;1;0.151119;5;1;1953;5;5;1;5;3;3;3;3;1;1
175224;4651.13;2017;33;2;123;6;0;2;1;0.465113;3;6;1984;12;3;6;12;3;3;3;3;0;0
53424;243.67;2001;51;1;81;6;0;1;0;0.024367;7;3;1950;5;7;3;5;3;3;3;3;0;0
159885;1787.19;2015;52;2;73;1;2;2;1;0.178719;7;6;1963;8;7;6;8;1;1;3;3;2;2
170514;1698.56;2016;57;2;81;1;2;2;1;0.169856;8;6;1959;7;8;6;7;1;1;3;3;2;2
59935;1307.82;2002;52;2;81;1;0;2;1;0.130782;7;3;1950;5;7;3;5;1;1;3;3;0;0
109671;1865.37;2008;32;2;81;2;2;2;1;0.186537;3;4;1976;10;3;4;10;1;1;3;3;2;2
56314;1420.35;2001;26;2;92;6;0;2;1;0.142035;2;3;1975;10;2;3;10;3;3;3;3;0;0
168688;610.95;2016;30;2;111;6;0;2;1;0.061095;3;6;1986;12;3;6;12;3;3;3;3;0;0
92426;165.05;2006;59;2;123;6;0;2;1;0.016505;8;4;1947;5;8;4;5;3;3;3;3;0;0
82410;1666.24;2005;44;2;91;6;2;2;1;0.166624;5;4;1961;8;5;4;8;3;3;3;3;2;2
75240;2423.18;2004;20;2;81;6;0;2;1;0.242318;1;3;1984;11;1;3;11;3;3;3;3;0;0
61901;263.14;2002;47;2;111;1;1;2;1;0.026314;6;3;1955;6;6;3;6;1;1;3;3;1;1
177355;2449.42;2017;56;2;81;1;1;2;1;0.244942;8;6;1961;7;8;6;7;1;1;3;3;1;1
131661;1738.19;2011;41;1;73;6;0;1;0;0.173819;5;5;1970;9;5;5;9;3;3;3;3;0;0
175717;2469.56;2017;48;2;81;1;1;2;1;0.246956;6;6;1969;9;6;6;9;1;1;3;3;1;1
92303;144.32;2006;40;2;81;6;0;2;1;0.014432;5;4;1966;8;5;4;8;3;3;3;3;0;0
35214;2979.65;1997;30;2;73;6;1;2;1;0.297965;3;2;1967;8;3;2;8;3;3;3;3;1;1
6400;2369.3;1991;61;1;22;1;1;1;0;0.23693;9;1;1930;1;9;1;1;1;1;3;3;1;1
78513;1241.49;2004;54;2;73;1;2;2;1;0.124149;7;3;1950;5;7;3;5;1;1;3;3;2;2
62386;1411.88;2002;26;2;124;6;0;2;1;0.141188;2;3;1976;10;2;3;10;3;3;3;3;0;0
174061;2247.54;2016;35;1;73;6;3;1;0;0.224754;4;6;1981;11;4;6;11;3;3;3;3;3;3
69836;260.29;2003;31;2;73;6;1;2;1;0.026029;3;3;1972;9;3;3;9;3;3;3;3;1;1
73891;1489.5;2003;35;2;73;1;2;2;1;0.14895;4;3;1968;8;4;3;8;1;1;3;3;2;2
4616;1563.78;1990;59;1;32;1;3;1;0;0.156378;8;1;1931;2;8;1;2;1;1;3;3;3;3
132462;1469.82;2011;48;2;91;1;1;2;1;0.146982;6;5;1963;8;6;5;8;1;1;3;3;1;1
18104;2388.5;1993;20;2;81;6;0;2;1;0.23885;1;1;1973;9;1;1;9;3;3;3;3;0;0
75093;1318.68;2004;23;2;73;6;0;2;1;0.131868;1;3;1981;11;1;3;11;3;3;3;3;0;0
100421;1635.02;2007;39;2;73;6;2;2;1;0.163502;4;4;1968;9;4;4;9;3;3;3;3;2;2
76044;1405.53;2004;64;1;30;1;0;1;0;0.140553;9;3;1940;3;9;3;3;1;1;3;3;0;0
145786;1799.37;2013;48;2;81;6;0;2;1;0.179937;6;5;1965;8;6;5;8;3;3;3;3;0;0
98546;2413.02;2007;25;2;81;6;2;2;1;0.241302;2;4;1982;11;2;4;11;3;3;3;3;2;2
125871;1933.39;2010;40;1;10;6;0;1;0;0.193339;5;5;1970;9;5;5;9;3;3;3;3;0;0
40328;2361.33;1998;45;2;73;6;1;2;1;0.236133;6;2;1953;5;6;2;5;3;3;3;3;1;1
171496;1602.57;2016;33;2;73;6;3;2;1;0.160257;3;6;1983;12;3;6;12;3;3;3;3;3;3
70804;1135.69;2003;46;2;73;5;0;2;1;0.113569;6;3;1957;6;6;3;6;2;2;3;3;0;0
166562;2403.97;2015;50;2;81;3;1;2;1;0.240397;7;6;1965;8;7;6;8;2;2;3;3;1;1
66283;640.02;2003;56;2;81;1;0;2;1;0.064002;8;3;1947;4;8;3;4;1;1;3;3;0;0
134738;1988.87;2011;43;1;111;1;0;1;0;0.198887;5;5;1968;9;5;5;9;1;1;3;3;0;0
89245;3383.9;2006;30;2;73;6;3;2;1;0.33839;3;4;1976;10;3;4;10;3;3;3;3;3;3
105238;2184.93;2008;48;2;73;1;3;2;1;0.218493;6;4;1960;7;6;4;7;1;1;3;3;3;3
236;1742.95;1990;64;1;90;5;0;1;0;0.174295;9;1;1926;1;9;1;1;2;2;3;3;0;0
168231;1667.23;2016;35;2;81;6;1;2;1;0.166723;4;6;1981;11;4;6;11;3;3;3;3;1;1
9023;1065.41;1991;40;2;110;1;1;2;1;0.106541;5;1;1951;5;5;1;5;1;1;3;3;1;1
88595;1331.89;2005;42;2;40;6;1;2;1;0.133189;5;4;1963;8;5;4;8;3;3;3;3;1;1
11243;2809.93;1992;39;2;73;3;2;2;1;0.280993;4;1;1953;6;4;1;6;2;2;3;3;2;2
67956;1189.03;2003;20;1;81;6;0;1;0;0.118903;1;3;1983;11;1;3;11;3;3;3;3;0;0
175425;2038.93;2017;54;1;111;4;0;1;0;0.203893;7;6;1963;8;7;6;8;2;2;3;3;0;0
77467;416.07;2004;25;2;73;6;0;2;1;0.041607;2;3;1979;10;2;3;10;3;3;3;3;0;0
22170;2770.6;1994;43;2;50;6;3;2;1;0.27706;5;1;1951;5;5;1;5;3;3;3;3;3;3
57045;3416.55;2001;25;2;40;4;2;2;1;0.341655;2;3;1976;10;2;3;10;2;2;3;3;2;2
109581;2131.8;2008;34;2;81;6;1;2;1;0.21318;3;4;1974;10;3;4;10;3;3;3;3;1;1
96759;1774.6;2007;46;2;81;4;2;2;1;0.17746;6;4;1961;7;6;4;7;2;2;3;3;2;2
180572;2791.51;2017;42;2;73;2;2;2;1;0.279151;5;6;1975;10;5;6;10;1;1;3;3;2;2
117600;1411.8;2009;49;2;71;6;1;2;1;0.14118;6;4;1960;7;6;4;7;3;3;3;3;1;1
76315;1663.35;2004;37;1;73;6;0;1;0;0.166335;4;3;1967;8;4;3;8;3;3;3;3;0;0
181131;1734.97;2017;61;2;123;6;0;2;1;0.173497;9;6;1956;6;9;6;6;3;3;3;3;0;0
52814;697.28;2001;32;0;91;4;0;0;NA;0.069728;3;3;1969;9;3;3;9;2;2;3;3;0;0
160500;2006;2015;52;2;81;1;3;2;1;0.2006;7;6;1963;8;7;6;8;1;1;3;3;3;3
89845;1847.41;2006;43;2;81;4;3;2;1;0.184741;5;4;1963;8;5;4;8;2;2;3;3;3;3
135679;1839.86;2011;60;1;81;1;0;1;0;0.183986;9;5;1951;5;9;5;5;1;1;3;3;0;0
67955;1219.75;2003;64;1;81;3;1;1;0;0.121975;9;3;1939;3;9;3;3;2;2;3;3;1;1
757;1383.47;1990;24;2;80;6;1;2;1;0.138347;1;1;1966;9;1;1;9;3;3;3;3;1;1
127465;1284.46;2010;44;2;73;6;1;2;1;0.128446;5;5;1966;9;5;5;9;3;3;3;3;1;1
147096;190.2;2013;33;1;60;6;2;1;0;0.01902;3;5;1980;11;3;5;11;3;3;3;3;2;2
152536;3800.12;2014;20;1;81;6;0;1;0;0.380012;1;5;1994;13;1;5;13;3;3;3;3;0;0
59676;1372.12;2002;34;2;73;6;0;2;1;0.137212;3;3;1968;9;3;3;9;3;3;3;3;0;0
103574;2222.45;2007;39;2;111;1;2;2;1;0.222245;4;4;1968;9;4;4;9;1;1;3;3;2;2
74289;2287.38;2004;20;1;40;6;1;1;0;0.228738;1;3;1984;11;1;3;11;3;3;3;3;1;1
155097;5536.78;2014;43;2;81;1;2;2;1;0.553678;5;5;1971;9;5;5;9;1;1;3;3;2;2
94886;1618.88;2006;42;2;81;6;0;2;1;0.161888;5;4;1964;8;5;4;8;3;3;3;3;0;0
127151;2173.91;2010;26;2;73;6;3;2;1;0.217391;2;5;1984;12;2;5;12;3;3;3;3;3;3
21857;1362.74;1994;29;2;73;6;1;2;1;0.136274;2;1;1965;8;2;1;8;3;3;3;3;1;1
22620;2235.71;1994;28;2;60;6;0;2;1;0.223571;2;1;1966;8;2;1;8;3;3;3;3;0;0
156312;3410.37;2014;46;2;81;5;2;2;1;0.341037;6;5;1968;8;6;5;8;2;2;3;3;2;2
112620;2031.84;2009;61;2;73;1;1;2;1;0.203184;9;4;1948;4;9;4;4;1;1;3;3;1;1
70129;1642.85;2003;58;1;81;1;0;1;0;0.164285;8;3;1945;4;8;3;4;1;1;3;3;0;0
158139;10713.58;2014;47;2;81;3;2;2;1;1.071358;6;5;1967;8;6;5;8;2;2;3;3;2;2
48338;1456.84;2000;40;2;73;6;0;2;1;0.145684;5;3;1960;7;5;3;7;3;3;3;3;0;0
171667;1134.11;2016;42;2;81;1;1;2;1;0.113411;5;6;1974;10;5;6;10;1;1;3;3;1;1
52587;2323.71;2001;38;1;73;6;3;1;0;0.232371;4;3;1963;8;4;3;8;3;3;3;3;3;3
44529;1954.14;1999;24;2;73;6;1;2;1;0.195414;1;2;1975;10;1;2;10;3;3;3;3;1;1
119009;1727.88;2009;49;2;71;4;0;2;1;0.172788;6;4;1960;7;6;4;7;2;2;3;3;0;0
78062;398.82;2004;61;1;73;1;0;1;0;0.039882;9;3;1943;3;9;3;3;1;1;3;3;0;0
13313;1983.38;1992;37;2;91;1;1;2;1;0.198338;4;1;1955;6;4;1;6;1;1;3;3;1;1
94777;2534.62;2006;36;1;30;6;0;1;0;0.253462;4;4;1970;9;4;4;9;3;3;3;3;0;0
168850;387.5;2016;50;2;73;1;0;2;1;0.03875;7;6;1966;8;7;6;8;1;1;3;3;0;0
155719;3899.33;2014;21;2;81;6;0;2;1;0.389933;1;5;1993;13;1;5;13;3;3;3;3;0;0
73738;1330.89;2003;22;1;73;1;1;1;0;0.133089;1;3;1981;11;1;3;11;1;1;3;3;1;1
133063;3521.39;2011;50;2;92;4;0;2;1;0.352139;7;5;1961;7;7;5;7;2;2;3;3;0;0
52056;1449.49;2001;40;2;92;6;2;2;1;0.144949;5;3;1961;7;5;3;7;3;3;3;3;2;2
81029;1778.52;2004;54;1;111;1;3;1;0;0.177852;7;3;1950;5;7;3;5;1;1;3;3;3;3
8255;1779.33;1991;37;2;110;1;0;2;1;0.177933;4;1;1954;6;4;1;6;1;1;3;3;0;0
123369;191.89;2010;41;1;50;6;1;1;0;0.019189;5;5;1969;9;5;5;9;3;3;3;3;1;1
137475;2386.05;2012;61;1;73;1;0;1;0;0.238605;9;5;1951;5;9;5;5;1;1;3;3;0;0
56256;907.26;2001;36;2;30;5;4;2;1;0.090726;4;3;1965;8;4;3;8;2;2;3;3;3;3
140077;2607.8;2012;20;1;81;6;0;1;0;0.26078;1;5;1992;13;1;5;13;3;3;3;3;0;0
134941;1934.56;2011;54;2;81;5;1;2;1;0.193456;7;5;1957;7;7;5;7;2;2;3;3;1;1
131559;271.45;2011;20;1;73;6;0;1;0;0.027145;1;5;1991;13;1;5;13;3;3;3;3;0;0
69649;220.31;2003;38;2;111;6;1;2;1;0.022031;4;3;1965;8;4;3;8;3;3;3;3;1;1
100884;1937.84;2007;42;2;73;4;2;2;1;0.193784;5;4;1965;8;5;4;8;2;2;3;3;2;2
112716;1831.41;2009;50;2;73;6;1;2;1;0.183141;7;4;1959;6;7;4;6;3;3;3;3;1;1
102558;1750.85;2007;44;1;50;4;2;1;0;0.175085;5;4;1963;8;5;4;8;2;2;3;3;2;2
78302;2239.26;2004;30;2;73;6;4;2;1;0.223926;3;3;1974;9;3;3;9;3;3;3;3;3;3
85127;221.76;2005;35;2;60;4;6;2;1;0.022176;4;4;1970;9;4;4;9;2;2;3;3;3;3
2584;1236.45;1990;63;1;32;5;1;1;0;0.123645;9;1;1927;1;9;1;1;2;2;3;3;1;1
151362;1285.21;2014;31;2;81;6;2;2;1;0.128521;3;5;1983;11;3;5;11;3;3;3;3;2;2
125073;3456.48;2010;33;2;73;6;2;2;1;0.345648;3;5;1977;11;3;5;11;3;3;3;3;2;2
76709;576.99;2004;52;1;81;1;0;1;0;0.057699;7;3;1952;5;7;3;5;1;1;3;3;0;0
9361;3199.11;1991;33;2;110;6;0;2;1;0.319911;3;1;1958;7;3;1;7;3;3;3;3;0;0
107188;1073.48;2008;51;1;123;5;1;1;0;0.107348;7;4;1957;6;7;4;6;2;2;3;3;1;1
5630;1390.91;1991;33;2;72;4;1;2;1;0.139091;3;1;1958;7;3;1;7;2;2;3;3;1;1
88259;990.22;2005;26;1;81;6;1;1;0;0.099022;2;4;1979;11;2;4;11;3;3;3;3;1;1
106441;641.99;2008;47;2;73;6;0;2;1;0.064199;6;4;1961;7;6;4;7;3;3;3;3;0;0
144548;3901.69;2013;24;2;50;6;2;2;1;0.390169;1;5;1989;13;1;5;13;3;3;3;3;2;2
176167;389.01;2017;56;2;111;6;2;2;1;0.038901;8;6;1961;7;8;6;7;3;3;3;3;2;2
53948;1630.59;2001;41;2;81;6;1;2;1;0.163059;5;3;1960;7;5;3;7;3;3;3;3;1;1
84356;306.94;2005;31;2;91;1;2;2;1;0.030694;3;4;1974;10;3;4;10;1;1;3;3;2;2
58843;1302.75;2002;41;2;111;1;3;2;1;0.130275;5;3;1961;7;5;3;7;1;1;3;3;3;3
147081;287.9;2013;21;1;73;6;0;1;0;0.02879;1;5;1992;13;1;5;13;3;3;3;3;0;0
133786;1636.31;2011;37;2;123;6;0;2;1;0.163631;4;5;1974;10;4;5;10;3;3;3;3;0;0
62208;1620.68;2002;31;2;81;6;3;2;1;0.162068;3;3;1971;9;3;3;9;3;3;3;3;3;3
175515;3227.11;2017;36;2;123;6;2;2;1;0.322711;4;6;1981;11;4;6;11;3;3;3;3;2;2
134060;1007.13;2011;57;1;20;6;0;1;0;0.100713;8;5;1954;6;8;5;6;3;3;3;3;0;0
6577;1257.71;1991;48;2;100;1;1;2;1;0.125771;6;1;1943;4;6;1;4;1;1;3;3;1;1
178580;2405.62;2017;45;2;111;1;2;2;1;0.240562;6;6;1972;9;6;6;9;1;1;3;3;2;2
132699;1591.19;2011;54;2;91;6;2;2;1;0.159119;7;5;1957;7;7;5;7;3;3;3;3;2;2
34963;388.93;1997;62;2;73;1;0;2;1;0.038893;9;2;1935;2;9;2;2;1;1;3;3;0;0
68502;1566.25;2003;48;2;73;1;1;2;1;0.156625;6;3;1955;6;6;3;6;1;1;3;3;1;1
2153;395.65;1990;41;2;122;3;1;2;1;0.039565;5;1;1949;5;5;1;5;2;2;3;3;1;1
34482;2174.24;1997;42;2;81;1;3;2;1;0.217424;5;2;1955;6;5;2;6;1;1;3;3;3;3
33092;2560.76;1997;38;2;81;6;0;2;1;0.256076;4;2;1959;7;4;2;7;3;3;3;3;0;0
71230;2052.7;2003;50;1;73;5;2;1;0;0.20527;7;3;1953;5;7;3;5;2;2;3;3;2;2
36963;3709.44;1997;22;2;73;6;0;2;1;0.370944;1;2;1975;10;1;2;10;3;3;3;3;0;0
109624;2365.7;2008;26;2;111;6;0;2;1;0.23657;2;4;1982;11;2;4;11;3;3;3;3;0;0
4775;1532.37;1990;50;2;60;6;0;2;1;0.153237;7;1;1940;3;7;1;3;3;3;3;3;0;0
107581;223.68;2008;60;2;81;4;0;2;1;0.022368;9;4;1948;4;9;4;4;2;2;3;3;0;0
156746;7654.4;2014;61;1;81;1;0;1;0;0.76544;9;5;1953;5;9;5;5;1;1;3;3;0;0
88981;2139.1;2005;41;2;71;1;3;2;1;0.21391;5;4;1964;8;5;4;8;1;1;3;3;3;3
48807;1597.29;2000;52;1;73;1;3;1;0;0.159729;7;3;1948;5;7;3;5;1;1;3;3;3;3
72628;1670.71;2003;37;2;81;1;0;2;1;0.167071;4;3;1966;8;4;3;8;1;1;3;3;0;0
124696;1690.43;2010;24;2;81;6;0;2;1;0.169043;1;5;1986;13;1;5;13;3;3;3;3;0;0
22842;2639.55;1994;42;2;81;1;2;2;1;0.263955;5;1;1952;5;5;1;5;1;1;3;3;2;2
30023;2421.4;1996;25;2;81;6;2;2;1;0.24214;2;2;1971;9;2;2;9;3;3;3;3;2;2
34749;4676.71;1997;38;2;73;6;3;2;1;0.467671;4;2;1959;7;4;2;7;3;3;3;3;3;3
61872;214.45;2002;20;1;50;6;1;1;0;0.021445;1;3;1982;11;1;3;11;3;3;3;3;1;1
15859;1789.41;1993;23;1;73;6;0;1;0;0.178941;1;1;1970;9;1;1;9;3;3;3;3;0;0
21547;463.76;1994;56;2;73;1;0;2;1;0.046376;8;1;1938;2;8;1;2;1;1;3;3;0;0
7128;469.65;1991;26;2;72;6;0;2;1;0.046965;2;1;1965;8;2;1;8;3;3;3;3;0;0
594;1889.79;1990;22;1;60;6;5;1;0;0.188979;1;1;1968;9;1;1;9;3;3;3;3;3;3
61223;1211.3;2002;34;2;81;1;2;2;1;0.12113;3;3;1968;9;3;3;9;1;1;3;3;2;2
99024;2721.2;2007;41;2;81;6;2;2;1;0.27212;5;4;1966;8;5;4;8;3;3;3;3;2;2
10529;1540.74;1992;51;2;73;4;1;2;1;0.154074;7;1;1941;3;7;1;3;2;2;3;3;1;1
160434;2316.6;2015;35;2;111;6;0;2;1;0.23166;4;6;1980;11;4;6;11;3;3;3;3;0;0
81486;1469.18;2004;45;2;81;1;2;2;1;0.146918;6;3;1959;6;6;3;6;1;1;3;3;2;2
89335;1116.28;2006;24;2;60;6;2;2;1;0.111628;1;4;1982;12;1;4;12;3;3;3;3;2;2
93392;1012.36;2006;55;2;92;4;1;2;1;0.101236;8;4;1951;5;8;4;5;2;2;3;3;1;1
56834;982.09;2001;39;2;73;1;1;2;1;0.098209;4;3;1962;8;4;3;8;1;1;3;3;1;1
131927;1527.82;2011;58;1;111;6;0;1;0;0.152782;8;5;1953;6;8;5;6;3;3;3;3;0;0
8064;3556.34;1991;37;1;40;6;3;1;0;0.355634;4;1;1954;6;4;1;6;3;3;3;3;3;3
81219;494.95;2004;43;2;123;4;0;2;1;0.049495;5;3;1961;7;5;3;7;2;2;3;3;0;0
30742;622.51;1996;30;2;81;6;2;2;1;0.062251;3;2;1966;8;3;2;8;3;3;3;3;2;2
59139;1301.94;2002;41;2;73;1;1;2;1;0.130194;5;3;1961;7;5;3;7;1;1;3;3;1;1
110822;950.71;2008;34;2;81;1;2;2;1;0.095071;3;4;1974;10;3;4;10;1;1;3;3;2;2
175048;2542.93;2017;58;2;81;6;4;2;1;0.254293;8;6;1959;7;8;6;7;3;3;3;3;3;3
138486;283.56;2012;54;1;92;1;1;1;0;0.028356;7;5;1958;7;7;5;7;1;1;3;3;1;1
29283;2707.78;1996;40;2;123;6;0;2;1;0.270778;5;2;1956;6;5;2;6;3;3;3;3;0;0
93862;2065.45;2006;40;2;111;1;0;2;1;0.206545;5;4;1966;8;5;4;8;1;1;3;3;0;0
77488;222.65;2004;30;2;111;1;2;2;1;0.022265;3;3;1974;9;3;3;9;1;1;3;3;2;2
125657;1749.15;2010;53;1;81;4;0;1;0;0.174915;7;5;1957;7;7;5;7;2;2;3;3;0;0
98505;1847.75;2007;51;2;81;1;2;2;1;0.184775;7;4;1956;6;7;4;6;1;1;3;3;2;2
43729;2076.75;1999;52;2;40;2;0;2;1;0.207675;7;2;1947;4;7;2;4;1;1;3;3;0;0
101443;2419.33;2007;22;2;50;6;2;2;1;0.241933;1;4;1985;12;1;4;12;3;3;3;3;2;2
91902;1336.85;2006;53;2;73;1;0;2;1;0.133685;7;4;1953;6;7;4;6;1;1;3;3;0;0
55640;1994.18;2001;63;1;73;4;0;1;0;0.199418;9;3;1938;3;9;3;3;2;2;3;3;0;0
108285;1300.37;2008;28;2;81;6;3;2;1;0.130037;2;4;1980;11;2;4;11;3;3;3;3;3;3
151560;3741.63;2014;52;2;111;2;0;2;1;0.374163;7;5;1962;7;7;5;7;1;1;3;3;0;0
103357;2633.99;2007;24;2;73;6;0;2;1;0.263399;1;4;1983;12;1;4;12;3;3;3;3;0;0
132920;1540.03;2011;39;2;111;4;1;2;1;0.154003;4;5;1972;10;4;5;10;2;2;3;3;1;1
49596;1303.52;2000;37;1;71;3;3;1;0;0.130352;4;3;1963;8;4;3;8;2;2;3;3;3;3
26378;1013.45;1995;35;2;81;6;0;2;1;0.101345;4;2;1960;7;4;2;7;3;3;3;3;0;0
127891;2237.08;2011;23;2;81;6;0;2;1;0.223708;1;5;1988;13;1;5;13;3;3;3;3;0;0
119885;302.71;2010;30;2;40;4;1;2;1;0.030271;3;5;1980;11;3;5;11;2;2;3;3;1;1
114806;253.06;2009;55;2;60;6;0;2;1;0.025306;8;4;1954;5;8;4;5;3;3;3;3;0;0
134844;1949.37;2011;46;1;40;1;0;1;0;0.194937;6;5;1965;8;6;5;8;1;1;3;3;0;0
133797;3274.5;2011;42;2;73;4;1;2;1;0.32745;5;5;1969;9;5;5;9;2;2;3;3;1;1
19635;2130.58;1994;23;1;91;6;0;1;0;0.213058;1;1;1971;9;1;1;9;3;3;3;3;0;0
112562;1607.93;2009;43;2;111;4;1;2;1;0.160793;5;4;1966;8;5;4;8;2;2;3;3;1;1
146026;217.6;2013;28;1;123;6;0;1;0;0.02176;2;5;1985;12;2;5;12;3;3;3;3;0;0
102965;1719.09;2007;40;2;73;1;4;2;1;0.171909;5;4;1967;8;5;4;8;1;1;3;3;3;3
112337;1347.22;2009;42;1;92;3;2;1;0;0.134722;5;4;1967;8;5;4;8;2;2;3;3;2;2
94593;2510.95;2006;22;1;73;1;2;1;0;0.251095;1;4;1984;12;1;4;12;1;1;3;3;2;2
175211;1925.34;2017;60;2;111;1;0;2;1;0.192534;9;6;1957;6;9;6;6;1;1;3;3;0;0
88633;2132;2005;33;2;73;1;2;2;1;0.2132;3;4;1972;10;3;4;10;1;1;3;3;2;2
82616;1404.55;2005;63;2;73;1;1;2;1;0.140455;9;4;1942;4;9;4;4;1;1;3;3;1;1
43011;439.39;1999;53;2;81;1;0;2;1;0.043939;7;2;1946;4;7;2;4;1;1;3;3;0;0
41363;2072.09;1999;37;2;81;4;0;2;1;0.207209;4;2;1962;7;4;2;7;2;2;3;3;0;0
34557;1823.6;1997;29;2;73;6;4;2;1;0.18236;2;2;1968;9;2;2;9;3;3;3;3;3;3
17714;5196.91;1993;20;2;73;6;0;2;1;0.519691;1;1;1973;9;1;1;9;3;3;3;3;0;0
74338;1492.7;2004;54;1;73;1;0;1;0;0.14927;7;3;1950;5;7;3;5;1;1;3;3;0;0
23542;2930.24;1994;61;1;30;3;0;1;0;0.293024;9;1;1933;1;9;1;1;2;2;3;3;0;0
89518;2398.56;2006;34;2;92;6;2;2;1;0.239856;3;4;1972;10;3;4;10;3;3;3;3;2;2
136230;1785.48;2012;58;2;73;1;1;2;1;0.178548;8;5;1954;6;8;5;6;1;1;3;3;1;1
96817;1828.96;2007;43;1;73;1;3;1;0;0.182896;5;4;1964;8;5;4;8;1;1;3;3;3;3
47178;2029.06;2000;44;2;73;1;3;2;1;0.202906;5;3;1956;7;5;3;7;1;1;3;3;3;3
86939;1859.68;2005;30;2;81;1;1;2;1;0.185968;3;4;1975;10;3;4;10;1;1;3;3;1;1
152746;2403.24;2014;52;2;73;1;1;2;1;0.240324;7;5;1962;7;7;5;7;1;1;3;3;1;1
38089;2398.16;1998;41;2;73;6;0;2;1;0.239816;5;2;1957;6;5;2;6;3;3;3;3;0;0
99419;1346.3;2007;27;2;123;6;0;2;1;0.13463;2;4;1980;11;2;4;11;3;3;3;3;0;0
27708;2860.65;1995;28;2;81;4;2;2;1;0.286065;2;2;1967;9;2;2;9;2;2;3;3;2;2
60798;1237.36;2002;57;2;123;4;2;2;1;0.123736;8;3;1945;4;8;3;4;2;2;3;3;2;2
43179;428.11;1999;26;2;60;6;3;2;1;0.042811;2;2;1973;9;2;2;9;3;3;3;3;3;3
16027;2178.46;1993;55;2;81;1;0;2;1;0.217846;8;1;1938;2;8;1;2;1;1;3;3;0;0
99284;265.62;2007;44;2;73;1;0;2;1;0.026562;5;4;1963;8;5;4;8;1;1;3;3;0;0
56421;1161.93;2001;32;2;73;4;1;2;1;0.116193;3;3;1969;9;3;3;9;2;2;3;3;1;1
151802;4688.27;2014;22;2;111;6;0;2;1;0.468827;1;5;1992;13;1;5;13;3;3;3;3;0;0
101359;1743.32;2007;38;2;123;6;0;2;1;0.174332;4;4;1969;9;4;4;9;3;3;3;3;0;0
110208;1595.49;2008;28;2;73;6;1;2;1;0.159549;2;4;1980;11;2;4;11;3;3;3;3;1;1
149985;1213.31;2013;55;2;73;3;0;2;1;0.121331;8;5;1958;6;8;5;6;2;2;3;3;0;0
78461;1143.86;2004;37;2;123;1;1;2;1;0.114386;4;3;1967;8;4;3;8;1;1;3;3;1;1
54049;1551.75;2001;53;1;30;5;1;1;0;0.155175;7;3;1948;5;7;3;5;2;2;3;3;1;1
30829;4327.12;1996;32;2;81;3;2;2;1;0.432712;3;2;1964;8;3;2;8;2;2;3;3;2;2
94092;1200.6;2006;35;2;73;6;3;2;1;0.12006;4;4;1971;9;4;4;9;3;3;3;3;3;3
134817;1904.38;2011;33;1;111;1;1;1;0;0.190438;3;5;1978;11;3;5;11;1;1;3;3;1;1
140764;4230.62;2012;54;2;81;4;1;2;1;0.423062;7;5;1958;7;7;5;7;2;2;3;3;1;1
158908;2495.18;2015;55;2;81;4;1;2;1;0.249518;8;6;1960;7;8;6;7;2;2;3;3;1;1
135605;1753.91;2011;34;2;81;1;2;2;1;0.175391;3;5;1977;11;3;5;11;1;1;3;3;2;2
143792;756.4;2013;32;2;123;1;1;2;1;0.07564;3;5;1981;11;3;5;11;1;1;3;3;1;1
169249;331.24;2016;38;2;111;3;2;2;1;0.033124;4;6;1978;11;4;6;11;2;2;3;3;2;2
165218;1784.63;2015;54;1;73;6;2;1;0;0.178463;7;6;1961;8;7;6;8;3;3;3;3;2;2
34526;5223.2;1997;45;2;73;4;1;2;1;0.52232;6;2;1952;5;6;2;5;2;2;3;3;1;1
160421;2887.22;2015;40;2;123;3;1;2;1;0.288722;5;6;1975;10;5;6;10;2;2;3;3;1;1
134363;1637.75;2011;25;2;73;6;1;2;1;0.163775;2;5;1986;12;2;5;12;3;3;3;3;1;1
152241;3389.84;2014;44;2;81;1;3;2;1;0.338984;5;5;1970;9;5;5;9;1;1;3;3;3;3
13886;3240.1;1992;58;1;60;6;0;1;0;0.32401;8;1;1934;2;8;1;2;3;3;3;3;0;0
44151;2884.41;1999;38;2;60;1;0;2;1;0.288441;4;2;1961;7;4;2;7;1;1;3;3;0;0
91998;1211.56;2006;33;2;73;6;3;2;1;0.121156;3;4;1973;10;3;4;10;3;3;3;3;3;3
22912;2626.32;1994;41;2;81;1;4;2;1;0.262632;5;1;1953;5;5;1;5;1;1;3;3;3;3
19227;2066.54;1993;59;1;81;5;1;1;0;0.206654;8;1;1934;2;8;1;2;2;2;3;3;1;1
161101;486.5;2015;52;2;111;1;0;2;1;0.04865;7;6;1963;8;7;6;8;1;1;3;3;0;0
69066;248.05;2003;38;2;111;1;2;2;1;0.024805;4;3;1965;8;4;3;8;1;1;3;3;2;2
116385;1433.95;2009;40;2;81;5;2;2;1;0.143395;5;4;1969;8;5;4;8;2;2;3;3;2;2
77421;258.17;2004;40;1;81;6;0;1;0;0.025817;5;3;1964;7;5;3;7;3;3;3;3;0;0
52921;264.34;2001;31;2;73;1;3;2;1;0.026434;3;3;1970;9;3;3;9;1;1;3;3;3;3
152239;1641.21;2014;29;1;73;1;1;1;0;0.164121;2;5;1985;12;2;5;12;1;1;3;3;1;1
15856;1789.41;1993;23;2;73;6;0;2;1;0.178941;1;1;1970;9;1;1;9;3;3;3;3;0;0
169922;1937.73;2016;43;2;73;1;4;2;1;0.193773;5;6;1973;10;5;6;10;1;1;3;3;3;3
105406;2467.32;2008;38;2;81;6;1;2;1;0.246732;4;4;1970;9;4;4;9;3;3;3;3;1;1
56746;1327.03;2001;59;2;73;5;3;2;1;0.132703;8;3;1942;4;8;3;4;2;2;3;3;3;3
102812;1259.84;2007;55;2;111;1;0;2;1;0.125984;8;4;1952;5;8;4;5;1;1;3;3;0;0
156760;20817.99;2014;27;1;50;1;2;1;0;2.081799;2;5;1987;12;2;5;12;1;1;3;3;2;2
61940;172.85;2002;60;2;111;6;0;2;1;0.017285;9;3;1942;3;9;3;3;3;3;3;3;0;0
1458;1975.98;1990;39;1;50;1;2;1;0;0.197598;4;1;1951;6;4;1;6;1;1;3;3;2;2
15498;2079.2;1993;33;2;91;1;3;2;1;0.20792;3;1;1960;7;3;1;7;1;1;3;3;3;3
108968;1783.11;2008;22;1;50;1;3;1;0;0.178311;1;4;1986;12;1;4;12;1;1;3;3;3;3
7575;1126.26;1991;35;2;72;3;1;2;1;0.112626;4;1;1956;6;4;1;6;2;2;3;3;1;1
14969;780.43;1993;24;1;73;6;0;1;0;0.078043;1;1;1969;9;1;1;9;3;3;3;3;0;0
54921;2353.1;2001;29;2;81;6;0;2;1;0.23531;2;3;1972;10;2;3;10;3;3;3;3;0;0
152717;1112.37;2014;41;2;111;6;1;2;1;0.111237;5;5;1973;9;5;5;9;3;3;3;3;1;1
50572;1389.58;2001;27;2;81;6;0;2;1;0.138958;2;3;1974;10;2;3;10;3;3;3;3;0;0
65062;1727.46;2002;45;2;123;1;4;2;1;0.172746;6;3;1957;6;6;3;6;1;1;3;3;3;3
164973;2517.77;2015;22;1;60;6;2;1;0;0.251777;1;6;1993;14;1;6;14;3;3;3;3;2;2
167973;4077.26;2016;32;2;91;6;1;2;1;0.407726;3;6;1984;12;3;6;12;3;3;3;3;1;1
168863;503.68;2016;26;1;81;6;0;1;0;0.050368;2;6;1990;13;2;6;13;3;3;3;3;0;0
77901;1270.32;2004;57;2;73;6;0;2;1;0.127032;8;3;1947;4;8;3;4;3;3;3;3;0;0
94830;1581.42;2006;40;2;81;6;0;2;1;0.158142;5;4;1966;8;5;4;8;3;3;3;3;0;0
108596;2076.06;2008;46;2;111;6;0;2;1;0.207606;6;4;1962;7;6;4;7;3;3;3;3;0;0
128130;550.2;2011;64;1;60;1;0;1;0;0.05502;9;5;1947;5;9;5;5;1;1;3;3;0;0
125880;1629.55;2010;26;2;81;6;0;2;1;0.162955;2;5;1984;12;2;5;12;3;3;3;3;0;0
111306;930.58;2008;36;1;60;1;1;1;0;0.093058;4;4;1972;9;4;4;9;1;1;3;3;1;1
84149;1430.3;2005;35;2;73;4;2;2;1;0.14303;4;4;1970;9;4;4;9;2;2;3;3;2;2
181326;2143.79;2017;55;1;91;4;0;1;0;0.214379;8;6;1962;7;8;6;7;2;2;3;3;0;0
131384;196.89;2011;20;2;73;6;1;2;1;0.019689;1;5;1991;13;1;5;13;3;3;3;3;1;1
73116;1977.41;2003;38;2;111;1;1;2;1;0.197741;4;3;1965;8;4;3;8;1;1;3;3;1;1
6620;1283.54;1991;41;2;72;1;3;2;1;0.128354;5;1;1950;5;5;1;5;1;1;3;3;3;3
127961;266.65;2011;39;2;111;2;3;2;1;0.026665;4;5;1972;10;4;5;10;1;1;3;3;3;3
157587;4421.95;2014;60;2;111;4;0;2;1;0.442195;9;5;1954;5;9;5;5;2;2;3;3;0;0
150454;1927.35;2013;39;1;73;6;1;1;0;0.192735;4;5;1974;10;4;5;10;3;3;3;3;1;1
113707;3193.58;2009;35;2;73;6;0;2;1;0.319358;4;4;1974;9;4;4;9;3;3;3;3;0;0
53373;211.46;2001;64;1;40;4;1;1;0;0.021146;9;3;1937;3;9;3;3;2;2;3;3;1;1
76706;536.94;2004;39;2;73;1;3;2;1;0.053694;4;3;1965;8;4;3;8;1;1;3;3;3;3
179189;976.21;2017;61;1;73;1;0;1;0;0.097621;9;6;1956;6;9;6;6;1;1;3;3;0;0
115888;1901.14;2009;21;1;81;6;0;1;0;0.190114;1;4;1988;12;1;4;12;3;3;3;3;0;0
109174;2047.49;2008;30;2;81;1;1;2;1;0.204749;3;4;1978;10;3;4;10;1;1;3;3;1;1
109683;2105.16;2008;42;2;123;1;2;2;1;0.210516;5;4;1966;8;5;4;8;1;1;3;3;2;2
179608;739.29;2017;26;2;81;6;2;2;1;0.073929;2;6;1991;13;2;6;13;3;3;3;3;2;2
26635;1604.33;1995;60;2;50;1;0;2;1;0.160433;9;2;1935;2;9;2;2;1;1;3;3;0;0
167658;1850.89;2016;59;1;60;6;0;1;0;0.185089;8;6;1957;7;8;6;7;3;3;3;3;0;0
130949;1193.11;2011;23;2;92;1;0;2;1;0.119311;1;5;1988;13;1;5;13;1;1;3;3;0;0
143423;1850.03;2012;56;2;81;3;2;2;1;0.185003;8;5;1956;6;8;5;6;2;2;3;3;2;2
179819;774.65;2017;60;1;73;1;0;1;0;0.077465;9;6;1957;6;9;6;6;1;1;3;3;0;0
130930;967;2011;54;1;73;6;0;1;0;0.0967;7;5;1957;7;7;5;7;3;3;3;3;0;0
73408;722.43;2003;30;2;81;1;1;2;1;0.072243;3;3;1973;9;3;3;9;1;1;3;3;1;1
44141;2176;1999;28;0;81;6;1;0;NA;0.2176;2;2;1971;9;2;2;9;3;3;3;3;1;1
9642;1776.99;1991;42;2;50;4;0;2;1;0.177699;5;1;1949;5;5;1;5;2;2;3;3;0;0
4538;2017.74;1990;30;1;72;1;4;1;0;0.201774;3;1;1960;7;3;1;7;1;1;3;3;3;3
143843;2181.68;2013;37;2;73;6;2;2;1;0.218168;4;5;1976;10;4;5;10;3;3;3;3;2;2
75210;1226.58;2004;54;1;73;4;0;1;0;0.122658;7;3;1950;5;7;3;5;2;2;3;3;0;0
77974;1732.4;2004;44;1;73;4;1;1;0;0.17324;5;3;1960;7;5;3;7;2;2;3;3;1;1
97983;1276.95;2007;30;1;91;6;3;1;0;0.127695;3;4;1977;10;3;4;10;3;3;3;3;3;3
49368;4321.49;2000;26;2;111;6;0;2;1;0.432149;2;3;1974;10;2;3;10;3;3;3;3;0;0
100710;2303.02;2007;26;1;81;1;4;1;0;0.230302;2;4;1981;11;2;4;11;1;1;3;3;3;3
1372;1915.11;1990;34;2;110;6;1;2;1;0.191511;3;1;1956;7;3;1;7;3;3;3;3;1;1
167533;2498.47;2016;55;2;60;4;0;2;1;0.249847;8;6;1961;7;8;6;7;2;2;3;3;0;0
43342;1599.04;1999;31;2;81;1;3;2;1;0.159904;3;2;1968;8;3;2;8;1;1;3;3;3;3
177424;2128.71;2017;57;1;73;1;1;1;0;0.212871;8;6;1960;7;8;6;7;1;1;3;3;1;1
101523;1640.7;2007;45;2;73;6;0;2;1;0.16407;6;4;1962;7;6;4;7;3;3;3;3;0;0
90946;1515.69;2006;53;2;91;1;0;2;1;0.151569;7;4;1953;6;7;4;6;1;1;3;3;0;0
51105;1443.78;2001;49;2;73;4;1;2;1;0.144378;6;3;1952;6;6;3;6;2;2;3;3;1;1
43695;4116.69;1999;30;2;111;3;2;2;1;0.411669;3;2;1969;8;3;2;8;2;2;3;3;2;2
127833;152.02;2010;57;1;73;1;1;1;0;0.015202;8;5;1953;6;8;5;6;1;1;3;3;1;1
5758;1985.14;1991;23;2;90;6;1;2;1;0.198514;1;1;1968;9;1;1;9;3;3;3;3;1;1
115155;985.04;2009;58;2;81;5;0;2;1;0.098504;8;4;1951;5;8;4;5;2;2;3;3;0;0
21181;2834.25;1994;39;2;73;6;0;2;1;0.283425;4;1;1955;6;4;1;6;3;3;3;3;0;0
145409;3550.88;2013;35;2;73;6;0;2;1;0.355088;4;5;1978;10;4;5;10;3;3;3;3;0;0
527;1691.59;1990;37;1;72;6;0;1;0;0.169159;4;1;1953;6;4;1;6;3;3;3;3;0;0
117403;1727.51;2009;41;2;73;4;2;2;1;0.172751;5;4;1968;8;5;4;8;2;2;3;3;2;2
12690;969.97;1992;35;2;111;1;0;2;1;0.096997;4;1;1957;6;4;1;6;1;1;3;3;0;0
59195;2072.93;2002;24;2;73;6;0;2;1;0.207293;1;3;1978;11;1;3;11;3;3;3;3;0;0
112971;2023.8;2009;62;2;111;4;0;2;1;0.20238;9;4;1947;4;9;4;4;2;2;3;3;0;0
1502;2200.3;1990;33;2;72;1;1;2;1;0.22003;3;1;1957;7;3;1;7;1;1;3;3;1;1
77172;1242.78;2004;29;2;73;6;0;2;1;0.124278;2;3;1975;10;2;3;10;3;3;3;3;0;0
59877;1214.87;2002;29;2;73;6;3;2;1;0.121487;2;3;1973;10;2;3;10;3;3;3;3;3;3
66475;1962.47;2003;60;1;111;1;1;1;0;0.196247;9;3;1943;3;9;3;3;1;1;3;3;1;1
65491;539.2;2002;46;1;60;1;6;1;0;0.05392;6;3;1956;6;6;3;6;1;1;3;3;3;3
112584;1896.22;2009;54;2;73;6;0;2;1;0.189622;7;4;1955;6;7;4;6;3;3;3;3;0;0
64876;1233.2;2002;57;1;73;1;0;1;0;0.12332;8;3;1945;4;8;3;4;1;1;3;3;0;0
129544;2604.63;2011;53;2;73;4;0;2;1;0.260463;7;5;1958;7;7;5;7;2;2;3;3;0;0
22695;2482.62;1994;25;2;111;6;0;2;1;0.248262;2;1;1969;8;2;1;8;3;3;3;3;0;0
106351;1723.02;2008;20;2;81;6;0;2;1;0.172302;1;4;1988;12;1;4;12;3;3;3;3;0;0
142859;400.59;2012;26;2;92;1;2;2;1;0.040059;2;5;1986;12;2;5;12;1;1;3;3;2;2
76595;1933.6;2004;38;2;81;1;1;2;1;0.19336;4;3;1966;8;4;3;8;1;1;3;3;1;1
80015;1277.63;2004;42;2;91;6;2;2;1;0.127763;5;3;1962;7;5;3;7;3;3;3;3;2;2
131311;202.21;2011;64;1;73;6;0;1;0;0.020221;9;5;1947;5;9;5;5;3;3;3;3;0;0
138777;1317.2;2012;24;2;92;1;0;2;1;0.13172;1;5;1988;13;1;5;13;1;1;3;3;0;0
158556;4086.89;2014;54;2;81;6;1;2;1;0.408689;7;5;1960;7;7;5;7;3;3;3;3;1;1
75024;1296.61;2004;20;1;73;6;0;1;0;0.129661;1;3;1984;11;1;3;11;3;3;3;3;0;0
48877;1994.27;2000;62;2;10;5;0;2;1;0.199427;9;3;1938;3;9;3;3;2;2;3;3;0;0
155295;1944.99;2014;62;1;123;1;0;1;0;0.194499;9;5;1952;5;9;5;5;1;1;3;3;0;0
124321;1089.17;2010;33;2;73;4;2;2;1;0.108917;3;5;1977;11;3;5;11;2;2;3;3;2;2
120521;1711.44;2010;49;2;125;1;2;2;1;0.171144;6;5;1961;8;6;5;8;1;1;3;3;2;2
132837;2063.56;2011;52;2;92;1;1;2;1;0.206356;7;5;1959;7;7;5;7;1;1;3;3;1;1
83547;1218.03;2005;44;2;123;4;2;2;1;0.121803;5;4;1961;8;5;4;8;2;2;3;3;2;2
137541;1608.62;2012;63;1;73;6;1;1;0;0.160862;9;5;1949;5;9;5;5;3;3;3;3;1;1
105904;1831.35;2008;47;2;73;6;0;2;1;0.183135;6;4;1961;7;6;4;7;3;3;3;3;0;0
70821;1380.31;2003;29;2;111;1;1;2;1;0.138031;2;3;1974;10;2;3;10;1;1;3;3;1;1
52356;1280.71;2001;59;1;73;6;0;1;0;0.128071;8;3;1942;4;8;3;4;3;3;3;3;0;0
56664;1646.47;2001;36;2;81;1;1;2;1;0.164647;4;3;1965;8;4;3;8;1;1;3;3;1;1
71820;1855.24;2003;36;2;92;4;2;2;1;0.185524;4;3;1967;8;4;3;8;2;2;3;3;2;2
84455;257.95;2005;26;1;73;6;1;1;0;0.025795;2;4;1979;11;2;4;11;3;3;3;3;1;1
174506;2028.36;2017;60;1;73;6;1;1;0;0.202836;9;6;1957;6;9;6;6;3;3;3;3;1;1
14960;1861.39;1993;32;1;50;1;4;1;0;0.186139;3;1;1961;7;3;1;7;1;1;3;3;3;3
53260;1253.94;2001;33;2;81;6;0;2;1;0.125394;3;3;1968;9;3;3;9;3;3;3;3;0;0
5377;908.29;1991;49;2;72;5;1;2;1;0.090829;6;1;1942;4;6;1;4;2;2;3;3;1;1
136816;1901.44;2012;36;2;81;1;2;2;1;0.190144;4;5;1976;10;4;5;10;1;1;3;3;2;2
180796;2647.83;2017;37;1;73;6;3;1;0;0.264783;4;6;1980;11;4;6;11;3;3;3;3;3;3
2801;918.83;1990;40;2;72;6;2;2;1;0.091883;5;1;1950;5;5;1;5;3;3;3;3;2;2
77855;1565.18;2004;46;2;73;5;0;2;1;0.156518;6;3;1958;6;6;3;6;2;2;3;3;0;0
135377;1457.71;2011;28;2;111;6;0;2;1;0.145771;2;5;1983;12;2;5;12;3;3;3;3;0;0
147751;2369.47;2013;40;2;125;1;2;2;1;0.236947;5;5;1973;9;5;5;9;1;1;3;3;2;2
113232;2275.2;2009;37;1;111;1;2;1;0;0.22752;4;4;1972;9;4;4;9;1;1;3;3;2;2
169507;207.43;2016;52;2;92;1;3;2;1;0.020743;7;6;1964;8;7;6;8;1;1;3;3;3;3
144636;1484.89;2013;55;1;73;1;0;1;0;0.148489;8;5;1958;6;8;5;6;1;1;3;3;0;0
85781;1452.11;2005;56;1;81;5;0;1;0;0.145211;8;4;1949;5;8;4;5;2;2;3;3;0;0
34010;3419.07;1997;57;2;73;3;0;2;1;0.341907;8;2;1940;3;8;2;3;2;2;3;3;0;0
14699;1937.76;1993;22;2;81;3;1;2;1;0.193776;1;1;1971;9;1;1;9;2;2;3;3;1;1
12656;1023.18;1992;52;2;81;1;0;2;1;0.102318;7;1;1940;3;7;1;3;1;1;3;3;0;0
60996;719.97;2002;25;2;81;6;0;2;1;0.071997;2;3;1977;10;2;3;10;3;3;3;3;0;0
154616;3773.51;2014;26;2;81;6;2;2;1;0.377351;2;5;1988;12;2;5;12;3;3;3;3;2;2
168567;2868.15;2016;27;1;91;6;1;1;0;0.286815;2;6;1989;13;2;6;13;3;3;3;3;1;1
141773;1751.91;2012;30;2;81;6;1;2;1;0.175191;3;5;1982;11;3;5;11;3;3;3;3;1;1
32716;4324.54;1996;46;2;81;4;1;2;1;0.432454;6;2;1950;5;6;2;5;2;2;3;3;1;1
70586;1271.27;2003;33;2;73;1;4;2;1;0.127127;3;3;1970;9;3;3;9;1;1;3;3;3;3
151591;3027.76;2014;28;2;111;1;1;2;1;0.302776;2;5;1986;12;2;5;12;1;1;3;3;1;1
91409;1020.62;2006;31;2;50;6;4;2;1;0.102062;3;4;1975;10;3;4;10;3;3;3;3;3;3
169882;2450.09;2016;51;2;111;1;0;2;1;0.245009;7;6;1965;8;7;6;8;1;1;3;3;0;0
132414;1327.56;2011;50;2;73;1;1;2;1;0.132756;7;5;1961;7;7;5;7;1;1;3;3;1;1
73731;1581.6;2003;41;2;123;6;0;2;1;0.15816;5;3;1962;7;5;3;7;3;3;3;3;0;0
135308;993.3;2011;40;2;92;6;3;2;1;0.09933;5;5;1971;9;5;5;9;3;3;3;3;3;3
154403;1943.63;2014;54;1;73;5;1;1;0;0.194363;7;5;1960;7;7;5;7;2;2;3;3;1;1
172390;709.25;2016;25;2;81;6;2;2;1;0.070925;2;6;1991;13;2;6;13;3;3;3;3;2;2
72282;1003.5;2003;47;1;73;1;2;1;0;0.10035;6;3;1956;6;6;3;6;1;1;3;3;2;2
174943;2344.07;2017;20;2;81;6;0;2;1;0.234407;1;6;1997;14;1;6;14;3;3;3;3;0;0
89515;1934.8;2006;54;1;81;1;0;1;0;0.19348;7;4;1952;6;7;4;6;1;1;3;3;0;0
36394;1804.2;1997;34;2;73;3;2;2;1;0.18042;3;2;1963;8;3;2;8;2;2;3;3;2;2
101566;1649.95;2007;26;2;123;6;0;2;1;0.164995;2;4;1981;11;2;4;11;3;3;3;3;0;0
135181;4921.91;2011;42;2;81;1;2;2;1;0.492191;5;5;1969;9;5;5;9;1;1;3;3;2;2
58809;1406.82;2002;25;2;60;6;1;2;1;0.140682;2;3;1977;10;2;3;10;3;3;3;3;1;1
119600;1464.11;2009;61;2;111;1;1;2;1;0.146411;9;4;1948;4;9;4;4;1;1;3;3;1;1
87515;1597.49;2005;44;1;73;1;1;1;0;0.159749;5;4;1961;8;5;4;8;1;1;3;3;1;1
135585;1909.9;2011;36;2;91;4;0;2;1;0.19099;4;5;1975;10;4;5;10;2;2;3;3;0;0
181067;2249.68;2017;54;1;81;1;0;1;0;0.224968;7;6;1963;8;7;6;8;1;1;3;3;0;0
175875;1351.03;2017;54;2;123;3;1;2;1;0.135103;7;6;1963;8;7;6;8;2;2;3;3;1;1
175163;2143.88;2017;53;2;81;4;1;2;1;0.214388;7;6;1964;8;7;6;8;2;2;3;3;1;1
62451;1293.35;2002;49;2;73;1;1;2;1;0.129335;6;3;1953;6;6;3;6;1;1;3;3;1;1
176919;273.47;2017;26;2;73;3;1;2;1;0.027347;2;6;1991;13;2;6;13;2;2;3;3;1;1
129326;1257.27;2011;54;2;73;1;2;2;1;0.125727;7;5;1957;7;7;5;7;1;1;3;3;2;2
39238;3045.05;1998;48;2;81;1;1;2;1;0.304505;6;2;1950;5;6;2;5;1;1;3;3;1;1
116174;1804.14;2009;36;1;81;4;2;1;0;0.180414;4;4;1973;9;4;4;9;2;2;3;3;2;2
55156;2433.02;2001;35;2;73;6;0;2;1;0.243302;4;3;1966;8;4;3;8;3;3;3;3;0;0
64420;890.66;2002;34;1;92;4;1;1;0;0.089066;3;3;1968;9;3;3;9;2;2;3;3;1;1
172317;746.07;2016;26;1;81;6;5;1;0;0.074607;2;6;1990;13;2;6;13;3;3;3;3;3;3
46831;2636.78;2000;36;2;73;6;0;2;1;0.263678;4;3;1964;8;4;3;8;3;3;3;3;0;0
58426;1293.79;2002;45;2;73;5;4;2;1;0.129379;6;3;1957;6;6;3;6;2;2;3;3;3;3
175571;2213.62;2017;64;2;81;4;0;2;1;0.221362;9;6;1953;6;9;6;6;2;2;3;3;0;0
84857;157.08;2005;49;2;111;6;0;2;1;0.015708;6;4;1956;7;6;4;7;3;3;3;3;0;0
142154;1683.28;2012;62;1;81;1;0;1;0;0.168328;9;5;1950;5;9;5;5;1;1;3;3;0;0
138587;1067.13;2012;36;1;73;6;1;1;0;0.106713;4;5;1976;10;4;5;10;3;3;3;3;1;1
71450;1553.02;2003;31;1;73;6;1;1;0;0.155302;3;3;1972;9;3;3;9;3;3;3;3;1;1
152805;1321.78;2014;31;2;81;6;2;2;1;0.132178;3;5;1983;11;3;5;11;3;3;3;3;2;2
67358;1747.06;2003;47;1;81;6;2;1;0;0.174706;6;3;1956;6;6;3;6;3;3;3;3;2;2
55121;1536.51;2001;24;2;60;4;4;2;1;0.153651;1;3;1977;11;1;3;11;2;2;3;3;3;3
40368;2475.73;1998;37;2;73;1;3;2;1;0.247573;4;2;1961;7;4;2;7;1;1;3;3;3;3
101980;2212.59;2007;35;2;73;2;3;2;1;0.221259;4;4;1972;9;4;4;9;1;1;3;3;3;3
64769;1311.1;2002;23;2;73;6;2;2;1;0.13111;1;3;1979;11;1;3;11;3;3;3;3;2;2
82228;2207.51;2005;22;1;40;6;0;1;0;0.220751;1;4;1983;12;1;4;12;3;3;3;3;0;0
24530;862.72;1995;52;2;73;1;1;2;1;0.086272;7;2;1943;4;7;2;4;1;1;3;3;1;1
140021;2059.86;2012;56;2;91;4;2;2;1;0.205986;8;5;1956;6;8;5;6;2;2;3;3;2;2
100395;1779.15;2007;44;2;81;2;3;2;1;0.177915;5;4;1963;8;5;4;8;1;1;3;3;3;3
25855;3817.35;1995;23;1;111;6;0;1;0;0.381735;1;2;1972;10;1;2;10;3;3;3;3;0;0
10456;613.88;1992;28;2;81;1;1;2;1;0.061388;2;1;1964;8;2;1;8;1;1;3;3;1;1
10179;1784.23;1992;26;2;71;1;0;2;1;0.178423;2;1;1966;8;2;1;8;1;1;3;3;0;0
42753;2107.48;1999;52;2;50;1;0;2;1;0.210748;7;2;1947;4;7;2;4;1;1;3;3;0;0
27714;3426.71;1995;38;2;111;6;1;2;1;0.342671;4;2;1957;7;4;2;7;3;3;3;3;1;1
37803;2298.28;1998;30;2;81;6;0;2;1;0.229828;3;2;1968;8;3;2;8;3;3;3;3;0;0
89463;2112.5;2006;20;2;60;6;0;2;1;0.21125;1;4;1986;12;1;4;12;3;3;3;3;0;0
73110;1777.45;2003;55;2;81;4;0;2;1;0.177745;8;3;1948;4;8;3;4;2;2;3;3;0;0
142092;1436.74;2012;27;2;40;6;2;2;1;0.143674;2;5;1985;12;2;5;12;3;3;3;3;2;2
3963;1151.07;1990;48;1;50;1;3;1;0;0.115107;6;1;1942;4;6;1;4;1;1;3;3;3;3
97793;1838.42;2007;50;2;73;1;1;2;1;0.183842;7;4;1957;6;7;4;6;1;1;3;3;1;1
178509;2310.93;2017;52;2;73;4;3;2;1;0.231093;7;6;1965;8;7;6;8;2;2;3;3;3;3
16057;2882.68;1993;36;2;73;1;0;2;1;0.288268;4;1;1957;6;4;1;6;1;1;3;3;0;0
5495;2010.4;1991;51;1;72;1;2;1;0;0.20104;7;1;1940;3;7;1;3;1;1;3;3;2;2
150309;4165.4;2013;25;2;81;6;3;2;1;0.41654;2;5;1988;12;2;5;12;3;3;3;3;3;3
173613;2274.52;2016;49;2;81;4;1;2;1;0.227452;6;6;1967;9;6;6;9;2;2;3;3;1;1
135599;1679.29;2011;52;2;111;1;2;2;1;0.167929;7;5;1959;7;7;5;7;1;1;3;3;2;2
112088;1274.35;2009;62;1;81;1;0;1;0;0.127435;9;4;1947;4;9;4;4;1;1;3;3;0;0
153059;1126.25;2014;28;2;111;6;1;2;1;0.112625;2;5;1986;12;2;5;12;3;3;3;3;1;1
12521;1336.13;1992;28;2;73;1;2;2;1;0.133613;2;1;1964;8;2;1;8;1;1;3;3;2;2
32890;2042.54;1996;40;1;111;1;2;1;0;0.204254;5;2;1956;6;5;2;6;1;1;3;3;2;2
45031;4597.24;1999;20;2;81;6;0;2;1;0.459724;1;2;1979;10;1;2;10;3;3;3;3;0;0
17101;1404.84;1993;31;2;60;1;2;2;1;0.140484;3;1;1962;7;3;1;7;1;1;3;3;2;2
179232;1678.33;2017;32;2;73;1;2;2;1;0.167833;3;6;1985;12;3;6;12;1;1;3;3;2;2
48124;4039.05;2000;43;1;71;4;1;1;0;0.403905;5;3;1957;7;5;3;7;2;2;3;3;1;1
64445;1056.52;2002;25;2;111;6;0;2;1;0.105652;2;3;1977;10;2;3;10;3;3;3;3;0;0
50213;1365.99;2001;49;2;73;6;0;2;1;0.136599;6;3;1952;6;6;3;6;3;3;3;3;0;0
80539;1577.65;2004;45;2;73;1;0;2;1;0.157765;6;3;1959;6;6;3;6;1;1;3;3;0;0
159810;4039.54;2015;34;1;73;1;1;1;0;0.403954;3;6;1981;12;3;6;12;1;1;3;3;1;1
58267;1559.6;2002;37;2;20;6;0;2;1;0.15596;4;3;1965;8;4;3;8;3;3;3;3;0;0
154908;1812.96;2014;31;2;123;1;1;2;1;0.181296;3;5;1983;11;3;5;11;1;1;3;3;1;1
8179;3360.15;1991;35;2;72;6;2;2;1;0.336015;4;1;1956;6;4;1;6;3;3;3;3;2;2
44122;1190.78;1999;26;2;81;1;1;2;1;0.119078;2;2;1973;9;2;2;9;1;1;3;3;1;1
43696;2909.08;1999;52;2;30;3;0;2;1;0.290908;7;2;1947;4;7;2;4;2;2;3;3;0;0
62403;1802.72;2002;28;2;73;1;3;2;1;0.180272;2;3;1974;10;2;3;10;1;1;3;3;3;3
176047;443.1;2017;31;2;81;6;5;2;1;0.04431;3;6;1986;12;3;6;12;3;3;3;3;3;3
27522;2805.66;1995;29;2;73;6;0;2;1;0.280566;2;2;1966;9;2;2;9;3;3;3;3;0;0
18604;1171.44;1993;22;2;81;1;1;2;1;0.117144;1;1;1971;9;1;1;9;1;1;3;3;1;1
14546;1863.22;1992;33;2;73;4;1;2;1;0.186322;3;1;1959;7;3;1;7;2;2;3;3;1;1
7913;1992.57;1991;23;2;110;6;0;2;1;0.199257;1;1;1968;9;1;1;9;3;3;3;3;0;0
131704;1284.84;2011;34;2;73;1;3;2;1;0.128484;3;5;1977;11;3;5;11;1;1;3;3;3;3
10623;1156.06;1992;42;2;111;3;3;2;1;0.115606;5;1;1950;5;5;1;5;2;2;3;3;3;3
94363;1323.68;2006;43;2;20;4;1;2;1;0.132368;5;4;1963;8;5;4;8;2;2;3;3;1;1
176332;2764.63;2017;33;2;125;1;3;2;1;0.276463;3;6;1984;12;3;6;12;1;1;3;3;3;3
108748;1129.05;2008;56;2;91;1;2;2;1;0.112905;8;4;1952;5;8;4;5;1;1;3;3;2;2
140950;1853.57;2012;46;2;111;1;2;2;1;0.185357;6;5;1966;8;6;5;8;1;1;3;3;2;2
55140;1530.5;2001;63;1;40;4;1;1;0;0.15305;9;3;1938;3;9;3;3;2;2;3;3;1;1
55454;1762.34;2001;42;2;111;4;2;2;1;0.176234;5;3;1959;7;5;3;7;2;2;3;3;2;2
111241;1889.17;2008;45;1;81;1;1;1;0;0.188917;6;4;1963;7;6;4;7;1;1;3;3;1;1
37558;1594.21;1998;22;1;81;6;0;1;0;0.159421;1;2;1976;10;1;2;10;3;3;3;3;0;0
32589;5046.62;1996;25;1;73;1;2;1;0;0.504662;2;2;1971;9;2;2;9;1;1;3;3;2;2
100457;1825.99;2007;21;2;73;6;0;2;1;0.182599;1;4;1986;12;1;4;12;3;3;3;3;0;0
81311;2176.87;2004;55;2;73;1;1;2;1;0.217687;8;3;1949;4;8;3;4;1;1;3;3;1;1
43291;327.27;1999;50;1;73;1;2;1;0;0.032727;7;2;1949;4;7;2;4;1;1;3;3;2;2
18367;1554.58;1993;62;1;10;5;0;1;0;0.155458;9;1;1931;1;9;1;1;2;2;3;3;0;0
132940;1738.86;2011;43;2;73;1;1;2;1;0.173886;5;5;1968;9;5;5;9;1;1;3;3;1;1
106238;1655.24;2008;43;2;73;1;1;2;1;0.165524;5;4;1965;8;5;4;8;1;1;3;3;1;1
145804;1799.37;2013;49;2;111;1;3;2;1;0.179937;6;5;1964;8;6;5;8;1;1;3;3;3;3
93899;1557.73;2006;29;1;81;1;0;1;0;0.155773;2;4;1977;11;2;4;11;1;1;3;3;0;0
106445;688.59;2008;51;2;73;1;0;2;1;0.068859;7;4;1957;6;7;4;6;1;1;3;3;0;0
150607;5632.3;2013;24;2;81;6;0;2;1;0.56323;1;5;1989;13;1;5;13;3;3;3;3;0;0
33077;962.16;1997;50;2;111;1;2;2;1;0.096216;7;2;1947;4;7;2;4;1;1;3;3;2;2
63940;3103.66;2002;27;2;60;6;3;2;1;0.310366;2;3;1975;10;2;3;10;3;3;3;3;3;3
49906;815.81;2001;40;2;81;3;4;2;1;0.081581;5;3;1961;7;5;3;7;2;2;3;3;3;3
11484;1886.94;1992;39;2;111;6;2;2;1;0.188694;4;1;1953;6;4;1;6;3;3;3;3;2;2
152398;1933.74;2014;51;2;81;1;3;2;1;0.193374;7;5;1963;7;7;5;7;1;1;3;3;3;3
125602;1111.62;2010;24;2;111;6;1;2;1;0.111162;1;5;1986;13;1;5;13;3;3;3;3;1;1
151006;1812.62;2013;49;2;92;6;0;2;1;0.181262;6;5;1964;8;6;5;8;3;3;3;3;0;0
97159;1758.01;2007;25;2;111;6;0;2;1;0.175801;2;4;1982;11;2;4;11;3;3;3;3;0;0
74556;2148.12;2004;30;2;73;6;0;2;1;0.214812;3;3;1974;9;3;3;9;3;3;3;3;0;0
118181;3010.77;2009;23;2;111;6;0;2;1;0.301077;1;4;1986;12;1;4;12;3;3;3;3;0;0
124224;1900.59;2010;32;1;73;6;0;1;0;0.190059;3;5;1978;11;3;5;11;3;3;3;3;0;0
74371;1889.06;2004;43;1;73;6;0;1;0;0.188906;5;3;1961;7;5;3;7;3;3;3;3;0;0
42144;1567.44;1999;23;2;81;1;2;2;1;0.156744;1;2;1976;10;1;2;10;1;1;3;3;2;2
19852;1830.11;1994;33;2;111;1;2;2;1;0.183011;3;1;1961;7;3;1;7;1;1;3;3;2;2
59280;1606.18;2002;22;2;81;1;1;2;1;0.160618;1;3;1980;11;1;3;11;1;1;3;3;1;1
13157;1317.56;1992;57;2;30;4;1;2;1;0.131756;8;1;1935;2;8;1;2;2;2;3;3;1;1
174088;3402.85;2016;30;1;111;1;2;1;0;0.340285;3;6;1986;12;3;6;12;1;1;3;3;2;2
46419;1860.05;2000;34;2;81;6;0;2;1;0.186005;3;3;1966;9;3;3;9;3;3;3;3;0;0
64764;1500.03;2002;41;1;73;6;4;1;0;0.150003;5;3;1961;7;5;3;7;3;3;3;3;3;3
53342;712.93;2001;61;2;111;5;2;2;1;0.071293;9;3;1940;3;9;3;3;2;2;3;3;2;2
96829;324.06;2007;31;2;73;1;1;2;1;0.032406;3;4;1976;10;3;4;10;1;1;3;3;1;1
145217;1845.59;2013;33;2;81;6;1;2;1;0.184559;3;5;1980;11;3;5;11;3;3;3;3;1;1
40767;3318.26;1998;35;2;81;3;2;2;1;0.331826;4;2;1963;7;4;2;7;2;2;3;3;2;2
131459;157.55;2011;30;2;111;1;1;2;1;0.015755;3;5;1981;11;3;5;11;1;1;3;3;1;1
12453;1335.93;1992;37;2;91;1;2;2;1;0.133593;4;1;1955;6;4;1;6;1;1;3;3;2;2
123854;1388.99;2010;43;2;111;4;0;2;1;0.138899;5;5;1967;9;5;5;9;2;2;3;3;0;0
80418;1540.6;2004;34;1;91;1;1;1;0;0.15406;3;3;1970;9;3;3;9;1;1;3;3;1;1
58479;1220.85;2002;20;1;81;6;0;1;0;0.122085;1;3;1982;11;1;3;11;3;3;3;3;0;0
93891;2065.45;2006;44;2;73;1;1;2;1;0.206545;5;4;1962;8;5;4;8;1;1;3;3;1;1
32726;3459.9;1996;58;2;81;4;0;2;1;0.34599;8;2;1938;3;8;2;3;2;2;3;3;0;0
47477;464.67;2000;37;1;81;6;2;1;0;0.046467;4;3;1963;8;4;3;8;3;3;3;3;2;2
110066;1614.32;2008;37;2;111;4;1;2;1;0.161432;4;4;1971;9;4;4;9;2;2;3;3;1;1
154342;5844.99;2014;22;2;73;6;3;2;1;0.584499;1;5;1992;13;1;5;13;3;3;3;3;3;3
38338;3070.61;1998;27;2;81;6;1;2;1;0.307061;2;2;1971;9;2;2;9;3;3;3;3;1;1
148043;2950.45;2013;28;2;111;6;2;2;1;0.295045;2;5;1985;12;2;5;12;3;3;3;3;2;2
73353;718.18;2003;26;2;73;2;0;2;1;0.071818;2;3;1977;10;2;3;10;1;1;3;3;0;0
168692;1407.42;2016;20;1;92;6;0;1;0;0.140742;1;6;1996;14;1;6;14;3;3;3;3;0;0
137815;2643.44;2012;21;2;73;6;0;2;1;0.264344;1;5;1991;13;1;5;13;3;3;3;3;0;0
138490;276.09;2012;23;1;60;6;1;1;0;0.027609;1;5;1989;13;1;5;13;3;3;3;3;1;1
97354;3984.66;2007;51;1;30;1;1;1;0;0.398466;7;4;1956;6;7;4;6;1;1;3;3;1;1
120492;1588.88;2010;25;2;111;6;1;2;1;0.158888;2;5;1985;12;2;5;12;3;3;3;3;1;1
59759;1801.98;2002;22;2;73;6;2;2;1;0.180198;1;3;1980;11;1;3;11;3;3;3;3;2;2
135500;2235.07;2011;36;2;60;6;0;2;1;0.223507;4;5;1975;10;4;5;10;3;3;3;3;0;0
11031;2215.31;1992;21;2;73;6;0;2;1;0.221531;1;1;1971;9;1;1;9;3;3;3;3;0;0
171234;2009.85;2016;46;2;73;2;0;2;1;0.200985;6;6;1970;9;6;6;9;1;1;3;3;0;0
1510;1765.22;1990;33;2;90;1;5;2;1;0.176522;3;1;1957;7;3;1;7;1;1;3;3;3;3
44016;2228.15;1999;38;2;73;1;5;2;1;0.222815;4;2;1961;7;4;2;7;1;1;3;3;3;3
102346;2299.34;2007;30;2;81;1;2;2;1;0.229934;3;4;1977;10;3;4;10;1;1;3;3;2;2
175905;1521.21;2017;32;2;111;6;0;2;1;0.152121;3;6;1985;12;3;6;12;3;3;3;3;0;0
52735;500.04;2001;35;2;81;6;2;2;1;0.050004;4;3;1966;8;4;3;8;3;3;3;3;2;2
91397;1272.68;2006;51;2;73;1;0;2;1;0.127268;7;4;1955;6;7;4;6;1;1;3;3;0;0
1437;1995.88;1990;35;2;90;1;0;2;1;0.199588;4;1;1955;6;4;1;6;1;1;3;3;0;0
37683;3568.86;1998;48;1;73;5;0;1;0;0.356886;6;2;1950;5;6;2;5;2;2;3;3;0;0
38854;5273.87;1998;49;2;73;1;0;2;1;0.527387;6;2;1949;5;6;2;5;1;1;3;3;0;0
114835;794.6;2009;38;2;73;6;2;2;1;0.07946;4;4;1971;9;4;4;9;3;3;3;3;2;2
47786;2954.8;2000;29;2;111;6;0;2;1;0.29548;2;3;1971;10;2;3;10;3;3;3;3;0;0
177754;1385.52;2017;54;1;81;6;0;1;0;0.138552;7;6;1963;8;7;6;8;3;3;3;3;0;0
63995;1134.5;2002;48;2;73;1;1;2;1;0.11345;6;3;1954;6;6;3;6;1;1;3;3;1;1
103163;887.32;2007;53;1;73;1;1;1;0;0.088732;7;4;1954;6;7;4;6;1;1;3;3;1;1
94619;900.53;2006;52;2;81;1;1;2;1;0.090053;7;4;1954;6;7;4;6;1;1;3;3;1;1
80452;1244.66;2004;61;2;73;1;0;2;1;0.124466;9;3;1943;3;9;3;3;1;1;3;3;0;0
12432;1035.92;1992;48;2;73;6;0;2;1;0.103592;6;1;1944;4;6;1;4;3;3;3;3;0;0
161282;215.17;2015;33;2;111;1;3;2;1;0.021517;3;6;1982;12;3;6;12;1;1;3;3;3;3
55443;1253.61;2001;22;1;30;6;0;1;0;0.125361;1;3;1979;11;1;3;11;3;3;3;3;0;0
95132;983.75;2006;64;1;111;1;0;1;0;0.098375;9;4;1942;4;9;4;4;1;1;3;3;0;0
44301;4764.42;1999;31;2;81;3;2;2;1;0.476442;3;2;1968;8;3;2;8;2;2;3;3;2;2
63140;2674.43;2002;51;2;111;5;0;2;1;0.267443;7;3;1951;5;7;3;5;2;2;3;3;0;0
26716;1462.82;1995;21;1;60;6;0;1;0;0.146282;1;2;1974;10;1;2;10;3;3;3;3;0;0
130372;689.02;2011;48;1;71;1;0;1;0;0.068902;6;5;1963;8;6;5;8;1;1;3;3;0;0
119136;703.67;2009;54;2;73;1;0;2;1;0.070367;7;4;1955;6;7;4;6;1;1;3;3;0;0
124194;1773.94;2010;35;2;111;4;1;2;1;0.177394;4;5;1975;10;4;5;10;2;2;3;3;1;1
50163;1559.28;2001;51;1;73;6;0;1;0;0.155928;7;3;1950;5;7;3;5;3;3;3;3;0;0
154098;1756.14;2014;58;1;73;3;0;1;0;0.175614;8;5;1956;6;8;5;6;2;2;3;3;0;0
84815;998.61;2005;41;1;73;2;0;1;0;0.099861;5;4;1964;8;5;4;8;1;1;3;3;0;0
93120;1896.95;2006;34;2;81;1;0;2;1;0.189695;3;4;1972;10;3;4;10;1;1;3;3;0;0
62274;1452.6;2002;34;2;111;1;1;2;1;0.14526;3;3;1968;9;3;3;9;1;1;3;3;1;1
77959;1053.09;2004;57;2;111;5;0;2;1;0.105309;8;3;1947;4;8;3;4;2;2;3;3;0;0
128891;1697.84;2011;55;2;73;1;0;2;1;0.169784;8;5;1956;6;8;5;6;1;1;3;3;0;0
133490;2199.24;2011;39;1;81;6;2;1;0;0.219924;4;5;1972;10;4;5;10;3;3;3;3;2;2
53517;206.26;2001;57;2;111;6;0;2;1;0.020626;8;3;1944;4;8;3;4;3;3;3;3;0;0
10258;1801.39;1992;48;2;60;1;3;2;1;0.180139;6;1;1944;4;6;1;4;1;1;3;3;3;3
60556;1559;2002;43;2;92;3;0;2;1;0.1559;5;3;1959;7;5;3;7;2;2;3;3;0;0
51684;1423.53;2001;47;2;73;4;0;2;1;0.142353;6;3;1954;6;6;3;6;2;2;3;3;0;0
95596;1481.89;2006;49;2;73;1;0;2;1;0.148189;6;4;1957;7;6;4;7;1;1;3;3;0;0
133262;2156.29;2011;46;2;73;3;1;2;1;0.215629;6;5;1965;8;6;5;8;2;2;3;3;1;1
12333;1181.58;1992;34;2;111;1;0;2;1;0.118158;3;1;1958;7;3;1;7;1;1;3;3;0;0
144221;2383.19;2013;54;2;81;1;1;2;1;0.238319;7;5;1959;7;7;5;7;1;1;3;3;1;1
92480;165.92;2006;51;2;73;6;1;2;1;0.016592;7;4;1955;6;7;4;6;3;3;3;3;1;1
28228;3771.97;1995;35;2;73;6;4;2;1;0.377197;4;2;1960;7;4;2;7;3;3;3;3;3;3
163231;2178.06;2015;26;2;111;6;1;2;1;0.217806;2;6;1989;13;2;6;13;3;3;3;3;1;1
93100;1900.48;2006;51;2;60;1;0;2;1;0.190048;7;4;1955;6;7;4;6;1;1;3;3;0;0
138499;259.9;2012;53;2;123;1;1;2;1;0.02599;7;5;1959;7;7;5;7;1;1;3;3;1;1
116076;2045.7;2009;52;2;73;1;0;2;1;0.20457;7;4;1957;6;7;4;6;1;1;3;3;0;0
41063;5101.59;1998;29;2;111;4;1;2;1;0.510159;2;2;1969;9;2;2;9;2;2;3;3;1;1
74267;1533.55;2004;27;2;111;6;0;2;1;0.153355;2;3;1977;10;2;3;10;3;3;3;3;0;0
44742;2863.07;1999;47;2;30;1;2;2;1;0.286307;6;2;1952;5;6;2;5;1;1;3;3;2;2
84716;1290.96;2005;38;1;73;1;2;1;0;0.129096;4;4;1967;9;4;4;9;1;1;3;3;2;2
50813;1301.67;2001;38;2;73;4;0;2;1;0.130167;4;3;1963;8;4;3;8;2;2;3;3;0;0
167572;1901.41;2016;58;2;111;6;1;2;1;0.190141;8;6;1958;7;8;6;7;3;3;3;3;1;1
30484;4366.46;1996;60;1;10;5;0;1;0;0.436646;9;2;1936;2;9;2;2;2;2;3;3;0;0
120346;2034.72;2010;35;2;60;3;2;2;1;0.203472;4;5;1975;10;4;5;10;2;2;3;3;2;2
151424;1392.92;2014;58;1;73;6;0;1;0;0.139292;8;5;1956;6;8;5;6;3;3;3;3;0;0
116221;2209.91;2009;51;2;111;4;1;2;1;0.220991;7;4;1958;6;7;4;6;2;2;3;3;1;1
138068;2861.95;2012;24;1;73;6;0;1;0;0.286195;1;5;1988;13;1;5;13;3;3;3;3;0;0
60792;1913.46;2002;22;2;81;6;0;2;1;0.191346;1;3;1980;11;1;3;11;3;3;3;3;0;0
11698;1517.01;1992;30;2;60;3;4;2;1;0.151701;3;1;1962;7;3;1;7;2;2;3;3;3;3
35034;4451.34;1997;44;2;73;1;1;2;1;0.445134;5;2;1953;6;5;2;6;1;1;3;3;1;1
18474;1513.38;1993;61;2;73;6;0;2;1;0.151338;9;1;1932;1;9;1;1;3;3;3;3;0;0
166621;1802.52;2015;27;2;81;6;0;2;1;0.180252;2;6;1988;13;2;6;13;3;3;3;3;0;0
62616;1555.2;2002;29;1;73;1;2;1;0;0.15552;2;3;1973;10;2;3;10;1;1;3;3;2;2
87810;1123.44;2005;34;2;111;1;3;2;1;0.112344;3;4;1971;10;3;4;10;1;1;3;3;3;3
19726;1938.51;1994;24;2;81;6;0;2;1;0.193851;1;1;1970;9;1;1;9;3;3;3;3;0;0
92653;200.2;2006;42;2;111;1;5;2;1;0.02002;5;4;1964;8;5;4;8;1;1;3;3;3;3
136419;2347.5;2012;32;2;73;6;1;2;1;0.23475;3;5;1980;11;3;5;11;3;3;3;3;1;1
175021;2497.22;2017;24;2;111;6;0;2;1;0.249722;1;6;1993;14;1;6;14;3;3;3;3;0;0
28049;2779.8;1995;33;1;60;6;3;1;0;0.27798;3;2;1962;8;3;2;8;3;3;3;3;3;3
3046;2044.78;1990;28;1;72;1;2;1;0;0.204478;2;1;1962;8;2;1;8;1;1;3;3;2;2
111656;1844.82;2008;33;2;91;6;1;2;1;0.184482;3;4;1975;10;3;4;10;3;3;3;3;1;1
168588;2073.43;2016;39;2;81;1;0;2;1;0.207343;4;6;1977;11;4;6;11;1;1;3;3;0;0
29815;1710.08;1996;31;2;73;1;3;2;1;0.171008;3;2;1965;8;3;2;8;1;1;3;3;3;3
92283;356.63;2006;23;2;111;6;0;2;1;0.035663;1;4;1983;12;1;4;12;3;3;3;3;0;0
146246;1154.61;2013;57;2;73;4;0;2;1;0.115461;8;5;1956;6;8;5;6;2;2;3;3;0;0
117378;1887.53;2009;62;2;81;1;1;2;1;0.188753;9;4;1947;4;9;4;4;1;1;3;3;1;1
141550;1249.8;2012;62;1;60;3;0;1;0;0.12498;9;5;1950;5;9;5;5;2;2;3;3;0;0
117313;1859.94;2009;54;2;81;1;1;2;1;0.185994;7;4;1955;6;7;4;6;1;1;3;3;1;1
21128;1394.01;1994;44;2;123;6;1;2;1;0.139401;5;1;1950;5;5;1;5;3;3;3;3;1;1
12203;3801.67;1992;26;2;81;6;1;2;1;0.380167;2;1;1966;8;2;1;8;3;3;3;3;1;1
171847;2184.18;2016;50;1;73;3;2;1;0;0.218418;7;6;1966;8;7;6;8;2;2;3;3;2;2
176448;2295.13;2017;51;2;111;6;0;2;1;0.229513;7;6;1966;8;7;6;8;3;3;3;3;0;0
62517;1429.66;2002;43;2;123;1;2;2;1;0.142966;5;3;1959;7;5;3;7;1;1;3;3;2;2
132383;1190.56;2011;34;2;111;4;2;2;1;0.119056;3;5;1977;11;3;5;11;2;2;3;3;2;2
148409;1666.72;2013;43;1;111;1;3;1;0;0.166672;5;5;1970;9;5;5;9;1;1;3;3;3;3
126682;848.63;2010;52;1;60;4;1;1;0;0.084863;7;5;1958;7;7;5;7;2;2;3;3;1;1
26988;3575.51;1995;25;1;81;1;1;1;0;0.357551;2;2;1970;9;2;2;9;1;1;3;3;1;1
100341;243.54;2007;33;2;81;6;2;2;1;0.024354;3;4;1974;10;3;4;10;3;3;3;3;2;2
41338;1109.41;1999;39;2;81;6;2;2;1;0.110941;4;2;1960;7;4;2;7;3;3;3;3;2;2
155948;1293.68;2014;33;1;73;1;3;1;0;0.129368;3;5;1981;11;3;5;11;1;1;3;3;3;3
153730;4589.41;2014;58;1;73;1;1;1;0;0.458941;8;5;1956;6;8;5;6;1;1;3;3;1;1
170819;2153.62;2016;54;2;111;4;2;2;1;0.215362;7;6;1962;8;7;6;8;2;2;3;3;2;2
150889;1744.2;2013;48;1;73;1;0;1;0;0.17442;6;5;1965;8;6;5;8;1;1;3;3;0;0
39732;3803.72;1998;36;2;81;6;1;2;1;0.380372;4;2;1962;7;4;2;7;3;3;3;3;1;1
102214;981.88;2007;46;1;81;1;0;1;0;0.098188;6;4;1961;7;6;4;7;1;1;3;3;0;0
95513;1472.16;2006;39;1;30;1;4;1;0;0.147216;4;4;1967;9;4;4;9;1;1;3;3;3;3
135109;970.36;2011;20;1;81;6;0;1;0;0.097036;1;5;1991;13;1;5;13;3;3;3;3;0;0
166897;1753.42;2016;34;2;73;6;4;2;1;0.175342;3;6;1982;12;3;6;12;3;3;3;3;3;3
170719;2213.79;2016;26;2;71;6;1;2;1;0.221379;2;6;1990;13;2;6;13;3;3;3;3;1;1
523;1691.59;1990;38;2;32;3;1;2;1;0.169159;4;1;1952;6;4;1;6;2;2;3;3;1;1
141149;6185.98;2012;23;2;111;6;0;2;1;0.618598;1;5;1989;13;1;5;13;3;3;3;3;0;0
172355;647.35;2016;32;2;123;4;2;2;1;0.064735;3;6;1984;12;3;6;12;2;2;3;3;2;2
72480;1056.98;2003;41;2;91;4;2;2;1;0.105698;5;3;1962;7;5;3;7;2;2;3;3;2;2
63241;3044.52;2002;44;2;30;5;3;2;1;0.304452;5;3;1958;7;5;3;7;2;2;3;3;3;3
58763;1558.54;2002;40;1;50;1;2;1;0;0.155854;5;3;1962;7;5;3;7;1;1;3;3;2;2
108956;1767.47;2008;25;1;81;6;3;1;0;0.176747;2;4;1983;11;2;4;11;3;3;3;3;3;3
147272;1543.54;2013;53;2;81;1;0;2;1;0.154354;7;5;1960;7;7;5;7;1;1;3;3;0;0
35067;2920.8;1997;47;2;73;4;1;2;1;0.29208;6;2;1950;5;6;2;5;2;2;3;3;1;1
160059;1901.12;2015;42;1;73;1;2;1;0;0.190112;5;6;1973;10;5;6;10;1;1;3;3;2;2
42718;2725;1999;34;2;81;1;3;2;1;0.2725;3;2;1965;8;3;2;8;1;1;3;3;3;3
25382;3034.95;1995;28;2;111;1;2;2;1;0.303495;2;2;1967;9;2;2;9;1;1;3;3;2;2
20315;2033.64;1994;30;2;123;1;0;2;1;0.203364;3;1;1964;7;3;1;7;1;1;3;3;0;0
9535;2934.4;1991;44;1;2;2;1;1;0;0.29344;5;1;1947;5;5;1;5;1;1;3;3;1;1
70919;2765.26;2003;22;1;73;6;2;1;0;0.276526;1;3;1981;11;1;3;11;3;3;3;3;2;2
119167;3089.08;2009;50;2;81;4;1;2;1;0.308908;7;4;1959;6;7;4;6;2;2;3;3;1;1
41069;4216.37;1998;29;2;91;1;1;2;1;0.421637;2;2;1969;9;2;2;9;1;1;3;3;1;1
172603;729.36;2016;54;1;81;3;1;1;0;0.072936;7;6;1962;8;7;6;8;2;2;3;3;1;1
67832;1310.5;2003;24;2;60;6;1;2;1;0.13105;1;3;1979;11;1;3;11;3;3;3;3;1;1
133536;919.93;2011;49;1;73;6;1;1;0;0.091993;6;5;1962;8;6;5;8;3;3;3;3;1;1
147231;1625.94;2013;36;2;123;1;0;2;1;0.162594;4;5;1977;10;4;5;10;1;1;3;3;0;0
66076;448.27;2003;36;2;73;6;0;2;1;0.044827;4;3;1967;8;4;3;8;3;3;3;3;0;0
158013;7355.34;2014;61;1;111;6;0;1;0;0.735534;9;5;1953;5;9;5;5;3;3;3;3;0;0
86447;2112.46;2005;25;2;81;6;0;2;1;0.211246;2;4;1980;11;2;4;11;3;3;3;3;0;0
118461;1500.54;2009;53;2;81;1;0;2;1;0.150054;7;4;1956;6;7;4;6;1;1;3;3;0;0
87764;1074;2005;49;2;73;1;3;2;1;0.1074;6;4;1956;7;6;4;7;1;1;3;3;3;3
63960;2119.05;2002;41;2;111;6;1;2;1;0.211905;5;3;1961;7;5;3;7;3;3;3;3;1;1
44390;2963.36;1999;24;2;81;1;0;2;1;0.296336;1;2;1975;10;1;2;10;1;1;3;3;0;0
73961;323.3;2003;49;2;111;4;0;2;1;0.03233;6;3;1954;6;6;3;6;2;2;3;3;0;0
67975;1301.7;2003;47;1;73;1;2;1;0;0.13017;6;3;1956;6;6;3;6;1;1;3;3;2;2
14528;2379.43;1992;39;1;60;5;2;1;0;0.237943;4;1;1953;6;4;1;6;2;2;3;3;2;2
23066;1946.27;1994;23;2;73;6;0;2;1;0.194627;1;1;1971;9;1;1;9;3;3;3;3;0;0
173290;2899.56;2016;26;1;111;6;0;1;0;0.289956;2;6;1990;13;2;6;13;3;3;3;3;0;0
62084;2303.11;2002;39;2;81;6;1;2;1;0.230311;4;3;1963;8;4;3;8;3;3;3;3;1;1
65000;910.3;2002;29;2;111;6;0;2;1;0.09103;2;3;1973;10;2;3;10;3;3;3;3;0;0
116780;1698;2009;38;2;73;5;2;2;1;0.1698;4;4;1971;9;4;4;9;2;2;3;3;2;2
98672;1660.76;2007;49;2;111;4;0;2;1;0.166076;6;4;1958;7;6;4;7;2;2;3;3;0;0
119196;2096.68;2009;38;2;73;1;2;2;1;0.209668;4;4;1971;9;4;4;9;1;1;3;3;2;2
133912;1578.56;2011;29;2;111;6;1;2;1;0.157856;2;5;1982;12;2;5;12;3;3;3;3;1;1
131016;1116.28;2011;50;2;111;1;0;2;1;0.111628;7;5;1961;7;7;5;7;1;1;3;3;0;0
35737;2028.65;1997;37;2;73;1;0;2;1;0.202865;4;2;1960;7;4;2;7;1;1;3;3;0;0
141363;2835.09;2012;29;2;92;1;2;2;1;0.283509;2;5;1983;12;2;5;12;1;1;3;3;2;2
25140;2278.35;1995;62;1;30;5;0;1;0;0.227835;9;2;1933;2;9;2;2;2;2;3;3;0;0
69347;1189.3;2003;64;1;73;5;0;1;0;0.11893;9;3;1939;3;9;3;3;2;2;3;3;0;0
90576;1311.35;2006;39;2;123;2;0;2;1;0.131135;4;4;1967;9;4;4;9;1;1;3;3;0;0
73927;194.16;2003;22;2;60;6;1;2;1;0.019416;1;3;1981;11;1;3;11;3;3;3;3;1;1
39075;567.88;1998;47;2;73;1;0;2;1;0.056788;6;2;1951;5;6;2;5;1;1;3;3;0;0
166404;1700.17;2015;36;1;92;6;0;1;0;0.170017;4;6;1979;11;4;6;11;3;3;3;3;0;0
57061;2089.37;2001;20;2;81;6;0;2;1;0.208937;1;3;1981;11;1;3;11;3;3;3;3;0;0
115662;286.97;2009;28;2;91;6;1;2;1;0.028697;2;4;1981;11;2;4;11;3;3;3;3;1;1
138786;1136.07;2012;54;1;73;1;2;1;0;0.113607;7;5;1958;7;7;5;7;1;1;3;3;2;2
28814;3442.43;1996;43;1;73;6;1;1;0;0.344243;5;2;1953;6;5;2;6;3;3;3;3;1;1
3803;3644.8;1990;39;2;72;1;0;2;1;0.36448;4;1;1951;6;4;1;6;1;1;3;3;0;0
151551;2363.62;2014;46;2;73;6;0;2;1;0.236362;6;5;1968;8;6;5;8;3;3;3;3;0;0
64581;937.6;2002;24;2;73;1;0;2;1;0.09376;1;3;1978;11;1;3;11;1;1;3;3;0;0
176573;150.17;2017;33;2;111;1;0;2;1;0.015017;3;6;1984;12;3;6;12;1;1;3;3;0;0
154921;1371.1;2014;22;2;73;6;0;2;1;0.13711;1;5;1992;13;1;5;13;3;3;3;3;0;0
148140;1632.86;2013;32;2;92;3;3;2;1;0.163286;3;5;1981;11;3;5;11;2;2;3;3;3;3
113028;2371.18;2009;22;2;81;6;0;2;1;0.237118;1;4;1987;12;1;4;12;3;3;3;3;0;0
72596;1655.53;2003;21;2;60;6;0;2;1;0.165553;1;3;1982;11;1;3;11;3;3;3;3;0;0
95256;1057.96;2006;57;2;81;4;1;2;1;0.105796;8;4;1949;5;8;4;5;2;2;3;3;1;1
92771;163.24;2006;57;1;73;1;0;1;0;0.016324;8;4;1949;5;8;4;5;1;1;3;3;0;0
6811;924.52;1991;54;2;72;1;0;2;1;0.092452;7;1;1937;3;7;1;3;1;1;3;3;0;0
61550;192.73;2002;23;2;81;6;1;2;1;0.019273;1;3;1979;11;1;3;11;3;3;3;3;1;1
75010;1296.89;2004;53;2;81;1;1;2;1;0.129689;7;3;1951;5;7;3;5;1;1;3;3;1;1
43380;4097.05;1999;49;1;73;1;1;1;0;0.409705;6;2;1950;5;6;2;5;1;1;3;3;1;1
54807;2614.5;2001;44;2;60;6;0;2;1;0.26145;5;3;1957;7;5;3;7;3;3;3;3;0;0
122076;888.88;2010;32;2;60;6;6;2;1;0.088888;3;5;1978;11;3;5;11;3;3;3;3;3;3
57756;1511.36;2001;38;2;81;6;0;2;1;0.151136;4;3;1963;8;4;3;8;3;3;3;3;0;0
172833;745.52;2016;62;1;81;1;0;1;0;0.074552;9;6;1954;6;9;6;6;1;1;3;3;0;0
168107;2696.78;2016;26;2;81;6;0;2;1;0.269678;2;6;1990;13;2;6;13;3;3;3;3;0;0
177550;1017.21;2017;59;2;91;5;1;2;1;0.101721;8;6;1958;7;8;6;7;2;2;3;3;1;1
9921;849.51;1992;59;2;30;1;2;2;1;0.084951;8;1;1933;2;8;1;2;1;1;3;3;2;2
51991;1138.77;2001;29;1;40;1;2;1;0;0.113877;2;3;1972;10;2;3;10;1;1;3;3;2;2
20701;2204.53;1994;50;1;73;1;0;1;0;0.220453;7;1;1944;3;7;1;3;1;1;3;3;0;0
173601;2277.12;2016;53;2;123;1;0;2;1;0.227712;7;6;1963;8;7;6;8;1;1;3;3;0;0
98455;1713.78;2007;60;2;73;1;1;2;1;0.171378;9;4;1947;4;9;4;4;1;1;3;3;1;1
154851;3090.17;2014;49;2;73;1;1;2;1;0.309017;6;5;1965;8;6;5;8;1;1;3;3;1;1
2702;1043.84;1990;55;2;72;1;1;2;1;0.104384;8;1;1935;2;8;1;2;1;1;3;3;1;1
99521;981.89;2007;31;2;81;6;1;2;1;0.098189;3;4;1976;10;3;4;10;3;3;3;3;1;1
74124;265.06;2004;48;2;73;1;0;2;1;0.026506;6;3;1956;6;6;3;6;1;1;3;3;0;0
14237;3583.95;1992;31;1;60;1;0;1;0;0.358395;3;1;1961;7;3;1;7;1;1;3;3;0;0
19198;3986.25;1993;25;2;92;1;1;2;1;0.398625;2;1;1968;8;2;1;8;1;1;3;3;1;1
170443;1532.12;2016;40;2;73;1;0;2;1;0.153212;5;6;1976;10;5;6;10;1;1;3;3;0;0
106016;1960.87;2008;49;2;73;4;1;2;1;0.196087;6;4;1959;7;6;4;7;2;2;3;3;1;1
106546;1646.95;2008;50;2;73;4;1;2;1;0.164695;7;4;1958;6;7;4;6;2;2;3;3;1;1
31741;2689.84;1996;36;2;81;6;1;2;1;0.268984;4;2;1960;7;4;2;7;3;3;3;3;1;1
18120;3236.22;1993;23;2;73;6;0;2;1;0.323622;1;1;1970;9;1;1;9;3;3;3;3;0;0
138865;3850.85;2012;31;2;40;1;1;2;1;0.385085;3;5;1981;11;3;5;11;1;1;3;3;1;1
160060;2312.85;2015;45;2;123;4;1;2;1;0.231285;6;6;1970;9;6;6;9;2;2;3;3;1;1
87606;1238.22;2005;28;1;73;6;0;1;0;0.123822;2;4;1977;11;2;4;11;3;3;3;3;0;0
138915;1120.21;2012;29;2;111;1;0;2;1;0.112021;2;5;1983;12;2;5;12;1;1;3;3;0;0
151907;5527.26;2014;43;1;73;6;0;1;0;0.552726;5;5;1971;9;5;5;9;3;3;3;3;0;0
119621;1845.16;2009;27;2;111;6;1;2;1;0.184516;2;4;1982;11;2;4;11;3;3;3;3;1;1
80377;803.7;2004;25;1;73;6;3;1;0;0.08037;2;3;1979;10;2;3;10;3;3;3;3;3;3
140434;2132.93;2012;33;2;73;1;1;2;1;0.213293;3;5;1979;11;3;5;11;1;1;3;3;1;1
70890;2745.21;2003;20;1;81;6;0;1;0;0.274521;1;3;1983;11;1;3;11;3;3;3;3;0;0
123445;214.33;2010;52;2;111;4;0;2;1;0.021433;7;5;1958;7;7;5;7;2;2;3;3;0;0
122842;1307.06;2010;63;1;73;4;0;1;0;0.130706;9;5;1947;5;9;5;5;2;2;3;3;0;0
106457;649.56;2008;52;1;60;4;1;1;0;0.064956;7;4;1956;6;7;4;6;2;2;3;3;1;1
165390;965.97;2015;22;2;73;6;1;2;1;0.096597;1;6;1993;14;1;6;14;3;3;3;3;1;1
121946;1291.31;2010;47;2;60;4;2;2;1;0.129131;6;5;1963;8;6;5;8;2;2;3;3;2;2
150099;2168.04;2013;23;1;81;6;0;1;0;0.216804;1;5;1990;13;1;5;13;3;3;3;3;0;0
85736;1732.9;2005;42;2;73;6;0;2;1;0.17329;5;4;1963;8;5;4;8;3;3;3;3;0;0
27999;1932.9;1995;37;2;60;4;1;2;1;0.19329;4;2;1958;7;4;2;7;2;2;3;3;1;1
37538;2062.47;1998;42;2;111;1;3;2;1;0.206247;5;2;1956;6;5;2;6;1;1;3;3;3;3
134181;1006.66;2011;27;2;81;6;2;2;1;0.100666;2;5;1984;12;2;5;12;3;3;3;3;2;2
63628;1579.82;2002;43;2;111;1;2;2;1;0.157982;5;3;1959;7;5;3;7;1;1;3;3;2;2
65951;1188.48;2002;57;2;111;1;1;2;1;0.118848;8;3;1945;4;8;3;4;1;1;3;3;1;1
60612;1855.44;2002;24;1;111;6;0;1;0;0.185544;1;3;1978;11;1;3;11;3;3;3;3;0;0
176404;2409.1;2017;40;2;123;6;0;2;1;0.24091;5;6;1977;10;5;6;10;3;3;3;3;0;0
